<TABLE_DEFINITIONS Table="MARPI" Name="Real personal income by MSA" Source="USDOC/BEA/RD"><LINE><Code>1</Code><Description>Real personal income (thousands of constant (2017) dollars)</Description><Definition>Real personal income is personal income at RPPs divided by the national PCE price index. It is estimated for states, state metro/nonmetro portions, metropolitan statistical areas, and the combined nonmetropolitan portion of the United States.</Definition></LINE><LINE><Code>2</Code><Description>Real per capita personal income (constant (2017) dollars)</Description><Definition>Real per capita personal income is the real personal income divided by midyear population.</Definition></LINE></TABLE_DEFINITIONS>
