GeoFIPS,GeoName,Region,TableName,LineCode,IndustryClassification,Description,Unit,2008,2009,2010,2011,2012,2013,2014,2015,2016,2017,2018,2019,2020,2021,2022
 "00000","United States", ,SARPI,1,"..."," Real personal income (millions of constant (2017) dollars) 1/","Millions of constant 2017 dollars",13932319.4,13560629.2,13862567.5,14331132.5,14709774.5,14682820.3,15216230.2,15896447.7,16162029.4,16658962.0,17163074.0,17720998.0,18741358.9,19626220.8,18803662.1
 "01000","Alabama",5,SARPI,1,"..."," Real personal income (millions of constant (2017) dollars) 1/","Millions of constant 2017 dollars",199308.2,199810.9,199934.3,201384.9,201397.8,201172.1,205291.8,215147.9,214859.9,220235.9,231109.9,235777.4,252611.7,264054.0,253984.2
 "02000","Alaska",8,SARPI,1,"..."," Real personal income (millions of constant (2017) dollars) 1/","Millions of constant 2017 dollars",35489.4,34976.6,37928.9,39548.5,40261.6,39493.9,40913.7,41763.3,40448.3,40068.6,40876.8,41797.3,42899.4,42305.5,42598.6
 "04000","Arizona",6,SARPI,1,"..."," Real personal income (millions of constant (2017) dollars) 1/","Millions of constant 2017 dollars",244724.1,232419.1,237914.3,247442.2,255433.5,257087.1,267086.1,281347.5,289273.8,304434.3,318218.3,333861.1,361547.7,390081.8,371495.4
 "05000","Arkansas",5,SARPI,1,"..."," Real personal income (millions of constant (2017) dollars) 1/","Millions of constant 2017 dollars",117807.7,118683.5,117680.3,121331.4,126850.0,125299.8,130572.4,134940.8,136781.6,140074.1,145306.2,145008.2,154353.4,161672.0,159683.6
 "06000","California",8,SARPI,1,"..."," Real personal income (millions of constant (2017) dollars) 1/","Millions of constant 2017 dollars",1603306.0,1567285.7,1624234.9,1688931.8,1753099.3,1755250.2,1834858.3,1951176.5,2033539.5,2073859.0,2114414.8,2211331.7,2370532.3,2476630.0,2306733.7
 "08000","Colorado",7,SARPI,1,"..."," Real personal income (millions of constant (2017) dollars) 1/","Millions of constant 2017 dollars",228236.2,220217.9,226621.4,233652.0,242375.6,251229.7,268506.2,279326.6,281611.3,295345.2,321261.3,331824.7,346297.8,373562.1,373023.8
 "09000","Connecticut",1,SARPI,1,"..."," Real personal income (millions of constant (2017) dollars) 1/","Millions of constant 2017 dollars",218101.9,215629.8,227260.5,226382.8,225685.1,217256.9,224560.1,228819.1,231104.6,233286.0,245903.7,249291.0,253773.1,261629.4,243875.7
 "10000","Delaware",2,SARPI,1,"..."," Real personal income (millions of constant (2017) dollars) 1/","Millions of constant 2017 dollars",40590.1,40366.5,40290.5,42736.6,42700.0,43131.6,43866.2,46905.4,47544.3,48891.9,50602.0,51630.6,54797.5,55820.3,56734.1
 "11000","District of Columbia",2,SARPI,1,"..."," Real personal income (millions of constant (2017) dollars) 1/","Millions of constant 2017 dollars",35121.3,35401.9,37023.1,39115.0,40381.8,39771.6,41606.2,45162.5,47313.5,49311.5,49662.2,50934.9,52002.4,53695.2,49299.0
 "12000","Florida",5,SARPI,1,"..."," Real personal income (millions of constant (2017) dollars) 1/","Millions of constant 2017 dollars",801556.1,768901.7,805719.8,823940.3,832404.4,824741.5,867379.1,920580.0,947436.7,1004622.8,1055234.0,1111979.1,1163423.6,1248414.5,1217815.1
 "13000","Georgia",5,SARPI,1,"..."," Real personal income (millions of constant (2017) dollars) 1/","Millions of constant 2017 dollars",399457.2,403761.1,395187.5,415469.5,410423.3,412610.1,432994.4,460266.7,473711.4,491844.9,508578.3,529702.2,560064.9,582054.7,556052.9
 "15000","Hawaii",8,SARPI,1,"..."," Real personal income (millions of constant (2017) dollars) 1/","Millions of constant 2017 dollars",57070.7,55419.6,57291.7,58168.3,59780.8,57699.9,60764.2,62961.5,65647.9,66836.5,66685.8,68043.2,70085.7,72682.1,69265.6
 "16000","Idaho",7,SARPI,1,"..."," Real personal income (millions of constant (2017) dollars) 1/","Millions of constant 2017 dollars",59275.0,57571.7,59590.2,60845.2,63129.5,64489.2,67002.8,70479.1,73782.4,75774.0,81948.1,86931.3,96754.7,103498.3,103153.9
 "17000","Illinois",3,SARPI,1,"..."," Real personal income (millions of constant (2017) dollars) 1/","Millions of constant 2017 dollars",617142.7,583187.4,588136.5,601149.1,622873.0,631664.9,651001.4,683753.2,680906.2,685318.8,707358.8,722325.9,752459.8,775011.6,725403.6
 "18000","Indiana",3,SARPI,1,"..."," Real personal income (millions of constant (2017) dollars) 1/","Millions of constant 2017 dollars",276552.9,268703.6,274616.9,286855.4,292577.9,291964.9,299357.3,314400.0,320397.1,328648.6,331557.6,340443.9,366690.5,385617.8,374525.3
 "19000","Iowa",4,SARPI,1,"..."," Real personal income (millions of constant (2017) dollars) 1/","Millions of constant 2017 dollars",149119.1,141685.1,141341.1,150625.1,152906.0,153386.7,155922.6,163694.5,163762.3,166102.4,165388.8,166575.5,177134.1,190106.4,188090.5
 "20000","Kansas",4,SARPI,1,"..."," Real personal income (millions of constant (2017) dollars) 1/","Millions of constant 2017 dollars",144002.4,136817.7,135439.8,143276.0,147397.5,149555.2,149103.0,150962.5,151347.9,154694.8,156470.6,159473.4,167795.8,173329.5,170230.0
 "21000","Kentucky",5,SARPI,1,"..."," Real personal income (millions of constant (2017) dollars) 1/","Millions of constant 2017 dollars",176022.8,176870.8,176725.0,180670.3,182952.0,181706.0,186725.1,195535.5,197156.3,201330.6,206072.9,211071.9,227986.2,239442.9,226239.6
 "22000","Louisiana",5,SARPI,1,"..."," Real personal income (millions of constant (2017) dollars) 1/","Millions of constant 2017 dollars",208684.8,206489.2,207753.8,207629.7,213483.3,213536.8,218320.6,220101.4,215097.6,220724.6,229692.2,232867.1,245610.4,253842.3,238346.8
 "23000","Maine",1,SARPI,1,"..."," Real personal income (millions of constant (2017) dollars) 1/","Millions of constant 2017 dollars",55982.4,56183.4,57177.8,58920.9,58117.2,56565.7,61195.9,61517.9,62117.5,63401.4,64801.5,68701.4,72474.7,76408.4,71836.7
 "24000","Maryland",2,SARPI,1,"..."," Real personal income (millions of constant (2017) dollars) 1/","Millions of constant 2017 dollars",287439.7,282935.8,293197.2,299337.8,306124.0,297914.9,304757.3,317545.8,327193.2,334366.7,339610.8,350267.5,360431.7,369248.1,355923.4
 "25000","Massachusetts",1,SARPI,1,"..."," Real personal income (millions of constant (2017) dollars) 1/","Millions of constant 2017 dollars",352308.8,353100.9,365865.6,374037.9,381927.0,383734.2,391031.1,414493.3,413376.8,429672.4,443038.1,459204.9,475930.5,503053.4,465702.2
 "26000","Michigan",3,SARPI,1,"..."," Real personal income (millions of constant (2017) dollars) 1/","Millions of constant 2017 dollars",417247.4,397562.6,404923.1,422694.3,431789.3,429051.8,439730.3,471528.9,480853.1,491845.4,492973.4,497080.1,539498.4,554585.1,528588.4
 "27000","Minnesota",4,SARPI,1,"..."," Real personal income (millions of constant (2017) dollars) 1/","Millions of constant 2017 dollars",261617.2,246937.4,256175.2,268028.4,277805.6,276131.6,283263.4,298148.3,302798.9,312566.2,313158.8,322277.0,342486.2,356783.2,347518.7
 "28000","Mississippi",5,SARPI,1,"..."," Real personal income (millions of constant (2017) dollars) 1/","Millions of constant 2017 dollars",115507.7,117636.2,116273.3,117393.6,119340.0,119397.5,119933.9,122245.9,122578.6,124576.5,127543.1,130015.5,140773.8,146527.6,134707.6
 "29000","Missouri",4,SARPI,1,"..."," Real personal income (millions of constant (2017) dollars) 1/","Millions of constant 2017 dollars",279010.9,269359.7,263458.0,269246.0,276067.8,273056.0,276898.7,289282.9,296927.9,299195.0,306040.8,310971.2,333183.3,345789.3,338258.6
 "30000","Montana",7,SARPI,1,"..."," Real personal income (millions of constant (2017) dollars) 1/","Millions of constant 2017 dollars",41419.1,40981.4,42683.6,43600.1,45954.1,45904.9,46473.6,48308.3,49190.0,51054.6,53527.0,54833.7,60683.1,64939.4,65459.2
 "31000","Nebraska",4,SARPI,1,"..."," Real personal income (millions of constant (2017) dollars) 1/","Millions of constant 2017 dollars",90654.1,88747.4,90296.9,99235.9,98938.0,97877.0,102249.2,106813.0,104983.0,106918.7,106946.6,109229.0,114875.3,123075.9,121519.0
 "32000","Nevada",8,SARPI,1,"..."," Real personal income (millions of constant (2017) dollars) 1/","Millions of constant 2017 dollars",113703.5,105980.5,110621.2,110422.8,113327.3,114066.7,120100.1,130620.6,136283.6,139414.1,151489.9,155974.9,167893.4,185039.3,176628.3
 "33000","New Hampshire",1,SARPI,1,"..."," Real personal income (millions of constant (2017) dollars) 1/","Millions of constant 2017 dollars",63530.8,63540.9,65788.4,67643.1,69271.5,68230.1,70279.9,72073.6,72954.0,74547.9,78110.1,81640.5,85176.6,89863.6,82663.3
 "34000","New Jersey",2,SARPI,1,"..."," Real personal income (millions of constant (2017) dollars) 1/","Millions of constant 2017 dollars",469080.7,442074.8,456219.3,463368.0,469116.2,468261.5,481089.2,500906.3,509586.1,519160.2,523261.2,543573.6,569453.0,593572.9,567277.9
 "35000","New Mexico",6,SARPI,1,"..."," Real personal income (millions of constant (2017) dollars) 1/","Millions of constant 2017 dollars",79607.8,78630.2,81361.8,81154.2,81911.4,79945.2,83438.8,85378.8,87207.5,86238.4,92359.5,94884.3,103129.2,110822.1,104613.6
 "36000","New York",2,SARPI,1,"..."," Real personal income (millions of constant (2017) dollars) 1/","Millions of constant 2017 dollars",926923.5,917581.6,947703.2,967685.2,1003696.1,1001472.7,1031400.4,1067425.9,1089331.4,1144857.9,1163672.3,1186428.6,1222601.1,1264254.0,1189919.2
 "37000","North Carolina",5,SARPI,1,"..."," Real personal income (millions of constant (2017) dollars) 1/","Millions of constant 2017 dollars",427092.2,419035.5,408988.1,409607.3,428209.4,416375.5,432979.7,456418.1,466543.3,484514.6,499977.6,528172.6,567554.5,587520.1,569463.6
 "38000","North Dakota",4,SARPI,1,"..."," Real personal income (millions of constant (2017) dollars) 1/","Millions of constant 2017 dollars",35184.8,34240.0,36919.8,40431.0,45488.8,44757.3,46974.6,45624.4,43619.6,44908.7,45825.1,45630.5,49631.1,51826.4,53364.2
 "39000","Ohio",3,SARPI,1,"..."," Real personal income (millions of constant (2017) dollars) 1/","Millions of constant 2017 dollars",511871.9,494090.1,501427.8,526365.4,530730.5,530301.7,545561.0,570520.6,575566.1,590137.4,594381.6,604433.7,650326.4,669428.3,640896.9
 "40000","Oklahoma",6,SARPI,1,"..."," Real personal income (millions of constant (2017) dollars) 1/","Millions of constant 2017 dollars",180162.8,169675.1,170857.7,178480.4,185729.8,191780.8,199539.5,194705.2,183585.8,189624.2,198041.5,205884.6,212939.7,225186.8,219977.8
 "41000","Oregon",8,SARPI,1,"..."," Real personal income (millions of constant (2017) dollars) 1/","Millions of constant 2017 dollars",159186.3,150977.7,153692.1,157192.8,159863.3,161641.9,170717.9,180643.1,190532.8,194828.9,196985.6,205025.5,222777.1,233996.1,213907.2
 "42000","Pennsylvania",2,SARPI,1,"..."," Real personal income (millions of constant (2017) dollars) 1/","Millions of constant 2017 dollars",591536.8,579211.9,597832.3,617513.9,632010.6,629977.7,648176.4,666522.6,681043.0,679230.8,707494.5,719854.6,768875.6,796770.4,750418.4
 "44000","Rhode Island",1,SARPI,1,"..."," Real personal income (millions of constant (2017) dollars) 1/","Millions of constant 2017 dollars",47301.5,46171.9,48728.4,49727.9,51074.4,49609.5,51370.6,52166.5,52637.7,53507.5,54755.1,57037.3,60961.7,62903.2,57289.7
 "45000","South Carolina",5,SARPI,1,"..."," Real personal income (millions of constant (2017) dollars) 1/","Millions of constant 2017 dollars",183085.3,181659.9,181307.2,185814.6,190915.1,190790.8,200044.3,211939.4,217880.7,227075.1,234088.9,247779.1,263888.7,269398.1,261255.3
 "46000","South Dakota",4,SARPI,1,"..."," Real personal income (millions of constant (2017) dollars) 1/","Millions of constant 2017 dollars",43125.8,41638.2,41935.3,45296.1,43913.6,43823.6,45650.4,48212.1,48483.0,49372.8,48578.4,50606.3,55354.7,59849.6,60827.9
 "47000","Tennessee",5,SARPI,1,"..."," Real personal income (millions of constant (2017) dollars) 1/","Millions of constant 2017 dollars",267391.7,270265.1,272917.9,280614.2,286578.0,286206.9,293297.5,307763.2,311535.3,322332.7,346277.2,355755.6,380538.5,402903.9,386369.9
 "48000","Texas",6,SARPI,1,"..."," Real personal income (millions of constant (2017) dollars) 1/","Millions of constant 2017 dollars",1120909.7,1075852.1,1113308.5,1196635.6,1239768.8,1251439.6,1318145.1,1342796.0,1327627.4,1408033.3,1470536.8,1510731.8,1562645.1,1672001.0,1663095.2
 "49000","Utah",7,SARPI,1,"..."," Real personal income (millions of constant (2017) dollars) 1/","Millions of constant 2017 dollars",104127.9,97472.5,101138.6,103644.8,108592.8,111380.8,116910.4,126146.1,132904.4,136627.2,147988.6,154949.1,170963.0,185146.0,183600.3
 "50000","Vermont",1,SARPI,1,"..."," Real personal income (millions of constant (2017) dollars) 1/","Millions of constant 2017 dollars",28313.3,27918.5,28864.0,29949.5,29952.8,29818.6,31246.1,31450.1,32220.9,31908.2,32442.0,33849.7,34974.7,36927.5,34815.8
 "51000","Virginia",5,SARPI,1,"..."," Real personal income (millions of constant (2017) dollars) 1/","Millions of constant 2017 dollars",386846.7,384428.5,389491.6,402526.5,415618.4,402518.1,413271.3,430399.8,441055.9,457656.4,461792.7,485163.6,503603.4,519934.8,506086.2
 "53000","Washington",8,SARPI,1,"..."," Real personal income (millions of constant (2017) dollars) 1/","Millions of constant 2017 dollars",310770.0,299091.6,307765.6,316238.7,335705.6,337698.1,352660.3,371323.6,383757.3,394607.9,413969.6,434089.4,464745.7,485192.3,460723.4
 "54000","West Virginia",5,SARPI,1,"..."," Real personal income (millions of constant (2017) dollars) 1/","Millions of constant 2017 dollars",74258.9,76036.2,75391.4,77458.5,77707.7,75509.0,77071.2,77820.9,77291.9,79711.4,81513.8,83883.9,88591.6,88551.6,85805.1
 "55000","Wisconsin",3,SARPI,1,"..."," Real personal income (millions of constant (2017) dollars) 1/","Millions of constant 2017 dollars",263753.5,258383.6,259228.3,269994.4,274484.7,273572.1,280358.3,293608.2,296208.4,302158.3,309369.2,315592.4,338059.3,350200.5,338614.6
 "56000","Wyoming",7,SARPI,1,"..."," Real personal income (millions of constant (2017) dollars) 1/","Millions of constant 2017 dollars",31798.3,29028.2,30338.0,31718.2,33932.4,32960.5,34582.4,34774.3,32431.4,33506.7,36180.7,36605.5,39516.5,41071.4,39982.8
 "00000","United States", ,SARPI,2,"..."," Real per capita personal income (constant (2017) dollars) 2/","Constant 2017 dollars",45816,44204,44808,45956,46795,46357,47659,49394,49826,51004,52240,53662,56533,59110,56419
 "01000","Alabama",5,SARPI,2,"..."," Real per capita personal income (constant (2017) dollars) 2/","Constant 2017 dollars",42242,41995,41757,41849,41617,41356,42010,43835,43577,44472,46441,47123,50207,52290,50053
 "02000","Alaska",8,SARPI,2,"..."," Real per capita personal income (constant (2017) dollars) 2/","Constant 2017 dollars",51624,50046,53121,54738,55069,53511,55466,56504,54409,54005,55410,56881,58532,57623,58069
 "04000","Arizona",6,SARPI,2,"..."," Real per capita personal income (constant (2017) dollars) 2/","Constant 2017 dollars",38967,36641,37162,38384,39253,39171,40235,41903,42530,44250,45656,47219,50355,53694,50480
 "05000","Arkansas",5,SARPI,2,"..."," Real per capita personal income (constant (2017) dollars) 2/","Constant 2017 dollars",40983,40970,40280,41286,43016,42407,44095,45429,45891,46835,48479,48268,51209,53390,52430
 "06000","California",8,SARPI,2,"..."," Real per capita personal income (constant (2017) dollars) 2/","Constant 2017 dollars",43801,42404,43519,44858,46170,45839,47491,50074,51845,52604,53481,55915,60011,63271,59103
 "08000","Colorado",7,SARPI,2,"..."," Real per capita personal income (constant (2017) dollars) 2/","Constant 2017 dollars",46677,44290,44902,45642,46712,47730,50254,51326,50932,52739,56587,57850,59863,64282,63875
 "09000","Connecticut",1,SARPI,2,"..."," Real per capita personal income (constant (2017) dollars) 2/","Constant 2017 dollars",61514,60539,63476,62986,62599,60177,62124,63350,64059,64665,68093,69110,70544,72206,67254
 "10000","Delaware",2,SARPI,2,"..."," Real per capita personal income (constant (2017) dollars) 2/","Constant 2017 dollars",45923,45268,44779,47058,46587,46599,46908,49657,49888,50850,52109,52615,55233,55553,55709
 "11000","District of Columbia",2,SARPI,2,"..."," Real per capita personal income (constant (2017) dollars) 2/","Constant 2017 dollars",60529,59777,61216,63314,63983,61685,63564,67849,70215,72416,72433,74097,77515,80287,73383
 "12000","Florida",5,SARPI,2,"..."," Real per capita personal income (constant (2017) dollars) 2/","Constant 2017 dollars",43264,41222,42760,43276,43193,42278,43817,45696,46131,48133,49932,52072,53888,57193,54746
 "13000","Georgia",5,SARPI,2,"..."," Real per capita personal income (constant (2017) dollars) 2/","Constant 2017 dollars",42027,41967,40688,42371,41428,41342,42966,45162,45910,47164,48286,49770,52197,53954,50954
 "15000","Hawaii",8,SARPI,2,"..."," Real per capita personal income (constant (2017) dollars) 2/","Constant 2017 dollars",42839,41152,41970,42000,42548,40543,42368,43527,45057,45830,45669,46700,48300,50224,48095
 "16000","Idaho",7,SARPI,2,"..."," Real per capita personal income (constant (2017) dollars) 2/","Constant 2017 dollars",38633,37037,37925,38351,39456,39856,40851,42395,43501,43698,46334,48080,52322,54349,53199
 "17000","Illinois",3,SARPI,2,"..."," Real per capita personal income (constant (2017) dollars) 2/","Constant 2017 dollars",48415,45573,45785,46627,48180,48736,50192,52739,52593,53025,54882,56211,58848,61090,57654
 "18000","Indiana",3,SARPI,2,"..."," Real per capita personal income (constant (2017) dollars) 2/","Constant 2017 dollars",43045,41599,42305,43988,44694,44364,45290,47431,48119,49155,49297,50349,54014,56596,54811
 "19000","Iowa",4,SARPI,2,"..."," Real per capita personal income (constant (2017) dollars) 2/","Constant 2017 dollars",49431,46716,46319,49065,49603,49444,49950,52197,51997,52520,52149,52319,55518,59451,58769
 "20000","Kansas",4,SARPI,2,"..."," Real per capita personal income (constant (2017) dollars) 2/","Constant 2017 dollars",51282,48299,47376,49879,50983,51541,51212,51652,51703,52843,53374,54358,57114,58997,57958
 "21000","Kentucky",5,SARPI,2,"..."," Real per capita personal income (constant (2017) dollars) 2/","Constant 2017 dollars",41032,40970,40634,41304,41637,41149,42163,44004,44229,44983,45924,46924,50580,53132,50138
 "22000","Louisiana",5,SARPI,2,"..."," Real per capita personal income (constant (2017) dollars) 2/","Constant 2017 dollars",47048,45972,45712,45363,46373,46138,46963,47125,45906,47177,49184,49923,52801,54860,51925
 "23000","Maine",1,SARPI,2,"..."," Real per capita personal income (constant (2017) dollars) 2/","Constant 2017 dollars",42076,42256,43057,44300,43668,42448,45787,46058,46350,47144,47982,50609,53151,55479,51855
 "24000","Maryland",2,SARPI,2,"..."," Real per capita personal income (constant (2017) dollars) 2/","Constant 2017 dollars",50561,49375,50625,51131,51763,49966,50717,52493,53818,54699,55322,56828,58386,59801,57736
 "25000","Massachusetts",1,SARPI,2,"..."," Real per capita personal income (constant (2017) dollars) 2/","Constant 2017 dollars",54461,54176,55691,56417,57066,56794,57340,60375,59836,61749,63345,65445,68032,71971,66701
 "26000","Michigan",3,SARPI,2,"..."," Real per capita personal income (constant (2017) dollars) 2/","Constant 2017 dollars",41948,40151,40984,42716,43524,43132,44085,47214,48004,48940,48952,49322,53577,55251,52679
 "27000","Minnesota",4,SARPI,2,"..."," Real per capita personal income (constant (2017) dollars) 2/","Constant 2017 dollars",49860,46758,48225,50075,51557,50849,51753,54113,54497,55762,55425,56672,59982,62468,60785
 "28000","Mississippi",5,SARPI,2,"..."," Real per capita personal income (constant (2017) dollars) 2/","Constant 2017 dollars",39184,39758,39144,39422,40016,39978,40144,40954,41074,41757,42877,43791,47589,49677,45818
 "29000","Missouri",4,SARPI,2,"..."," Real per capita personal income (constant (2017) dollars) 2/","Constant 2017 dollars",47099,45186,43938,44788,45807,45178,45689,47602,48730,48939,49937,50619,54141,56045,54753
 "30000","Montana",7,SARPI,2,"..."," Real per capita personal income (constant (2017) dollars) 2/","Constant 2017 dollars",42420,41648,43077,43679,45708,45185,45340,46701,47043,48257,50187,50986,55822,58704,58297
 "31000","Nebraska",4,SARPI,2,"..."," Real per capita personal income (constant (2017) dollars) 2/","Constant 2017 dollars",50465,48959,49338,53822,53224,52247,54103,56086,54640,55273,54975,55874,58531,62680,61750
 "32000","Nevada",8,SARPI,2,"..."," Real per capita personal income (constant (2017) dollars) 2/","Constant 2017 dollars",42848,39476,40941,40739,41361,41179,42744,45719,46904,47169,50302,50824,53887,58810,55582
 "33000","New Hampshire",1,SARPI,2,"..."," Real per capita personal income (constant (2017) dollars) 2/","Constant 2017 dollars",48279,48280,49950,51172,52190,51260,52478,53641,53998,54856,57229,59512,61785,64766,59247
 "34000","New Jersey",2,SARPI,2,"..."," Real per capita personal income (constant (2017) dollars) 2/","Constant 2017 dollars",53849,50491,51790,52199,52513,52117,53254,55187,55877,56585,56760,58709,61418,64046,61250
 "35000","New Mexico",6,SARPI,2,"..."," Real per capita personal income (constant (2017) dollars) 2/","Constant 2017 dollars",39593,38605,39402,38977,39187,38133,39827,40734,41535,41045,43916,44966,48683,52357,49501
 "36000","New York",2,SARPI,2,"..."," Real per capita personal income (constant (2017) dollars) 2/","Constant 2017 dollars",48246,47526,48800,49369,50801,50345,51565,53135,54059,56703,57543,58669,60801,63666,60472
 "37000","North Carolina",5,SARPI,2,"..."," Real per capita personal income (constant (2017) dollars) 2/","Constant 2017 dollars",45877,44344,42730,42479,44045,42472,43823,45797,46302,47617,48656,50930,54314,55605,53226
 "38000","North Dakota",4,SARPI,2,"..."," Real per capita personal income (constant (2017) dollars) 2/","Constant 2017 dollars",53507,51491,54692,58846,64517,61532,63104,59820,57045,58576,59405,58763,63669,66621,68481
 "39000","Ohio",3,SARPI,2,"..."," Real per capita personal income (constant (2017) dollars) 2/","Constant 2017 dollars",44451,42857,43444,45541,45859,45670,46836,48871,49186,50277,50530,51273,55124,56903,54516
 "40000","Oklahoma",6,SARPI,2,"..."," Real per capita personal income (constant (2017) dollars) 2/","Constant 2017 dollars",49104,45641,45446,47134,48680,49838,51540,49911,46871,48368,50412,52205,53706,56420,54724
 "41000","Oregon",8,SARPI,2,"..."," Real per capita personal income (constant (2017) dollars) 2/","Constant 2017 dollars",42239,39641,40049,40590,40990,41192,43052,44953,46549,46979,47087,48631,52482,54976,50448
 "42000","Pennsylvania",2,SARPI,2,"..."," Real per capita personal income (constant (2017) dollars) 2/","Constant 2017 dollars",46902,45727,47012,48346,49316,49038,50322,51674,52720,52469,54503,55410,59170,61233,57849
 "44000","Rhode Island",1,SARPI,2,"..."," Real per capita personal income (constant (2017) dollars) 2/","Constant 2017 dollars",44835,43821,46190,46973,48020,46444,47874,48421,48637,49320,50153,52112,55605,57342,52380
 "45000","South Carolina",5,SARPI,2,"..."," Real per capita personal income (constant (2017) dollars) 2/","Constant 2017 dollars",40425,39578,39126,39851,40611,40249,41743,43675,44368,45728,46621,48799,51422,51875,49456
 "46000","South Dakota",4,SARPI,2,"..."," Real per capita personal income (constant (2017) dollars) 2/","Constant 2017 dollars",53966,51592,51386,55027,52730,52096,53856,56578,56333,56740,55499,57344,62351,66784,66857
 "47000","Tennessee",5,SARPI,2,"..."," Real per capita personal income (constant (2017) dollars) 2/","Constant 2017 dollars",42800,42858,42936,43816,44341,43980,44719,46540,46690,47828,50874,51841,54946,57819,54794
 "48000","Texas",6,SARPI,2,"..."," Real per capita personal income (constant (2017) dollars) 2/","Constant 2017 dollars",46111,43378,44111,46689,47581,47335,48987,49009,47705,49944,51578,52351,53456,56565,55382
 "49000","Utah",7,SARPI,2,"..."," Real per capita personal income (constant (2017) dollars) 2/","Constant 2017 dollars",39101,35790,36432,36776,37963,38301,39622,42061,43390,43710,46524,47932,52063,55448,54307
 "50000","Vermont",1,SARPI,2,"..."," Real per capita personal income (constant (2017) dollars) 2/","Constant 2017 dollars",45363,44683,46082,47570,47494,47120,49298,49460,50635,49930,50638,52739,54402,57077,53806
 "51000","Virginia",5,SARPI,2,"..."," Real per capita personal income (constant (2017) dollars) 2/","Constant 2017 dollars",49384,48503,48535,49648,50704,48674,49591,51300,52229,53826,54030,56432,58311,60057,58281
 "53000","Washington",8,SARPI,2,"..."," Real per capita personal income (constant (2017) dollars) 2/","Constant 2017 dollars",47357,44859,45638,46298,48625,48421,49895,51713,52455,52990,54841,56828,60169,62680,59175
 "54000","West Virginia",5,SARPI,2,"..."," Real per capita personal income (constant (2017) dollars) 2/","Constant 2017 dollars",40351,41150,40655,41704,41807,40670,41592,42149,42098,43731,45021,46591,49453,49594,48337
 "55000","Wisconsin",3,SARPI,2,"..."," Real per capita personal income (constant (2017) dollars) 2/","Constant 2017 dollars",46757,45576,45543,47258,47869,47518,48519,50674,50962,51771,52805,53670,57334,59557,57465
 "56000","Wyoming",7,SARPI,2,"..."," Real per capita personal income (constant (2017) dollars) 2/","Constant 2017 dollars",58234,51850,53752,55954,58962,56738,59527,59581,55726,58146,62945,63624,68414,70876,68772
 "00000","United States", ,SARPI,3,"..."," Real PCE (millions of constant (2017) dollars) 3/","Millions of constant 2017 dollars",11270735.8,11123596.9,11335603.3,11528483.8,11686117.9,11889925.2,12226445.7,12638789.0,12949012.2,13290625.5,13654925.4,13928263.5,13576965.0,14718156.7,15090796.8
 "01000","Alabama",5,SARPI,3,"..."," Real PCE (millions of constant (2017) dollars) 3/","Millions of constant 2017 dollars",164093.5,164430.3,163000.8,163835.5,163555.0,166493.3,169501.8,175050.6,177257.9,181495.6,190026.5,193422.3,191489.3,206172.0,211182.9
 "02000","Alaska",8,SARPI,3,"..."," Real PCE (millions of constant (2017) dollars) 3/","Millions of constant 2017 dollars",28865.5,28761.4,30555.8,31230.3,32002.7,32394.9,32817.5,33095.6,33216.1,33306.8,33814.2,34535.9,33013.4,34702.3,36681.6
 "04000","Arizona",6,SARPI,3,"..."," Real PCE (millions of constant (2017) dollars) 3/","Millions of constant 2017 dollars",216145.7,208707.6,215882.4,221402.7,226505.7,230026.9,237768.6,246519.2,251483.4,264659.3,275644.2,283110.4,280843.9,317485.5,318200.7
 "05000","Arkansas",5,SARPI,3,"..."," Real PCE (millions of constant (2017) dollars) 3/","Millions of constant 2017 dollars",95712.4,97029.3,96705.8,97691.8,98540.8,99397.4,102073.7,105531.4,108118.3,110659.9,115087.9,114867.7,114208.0,122556.7,128036.5
 "06000","California",8,SARPI,3,"..."," Real PCE (millions of constant (2017) dollars) 3/","Millions of constant 2017 dollars",1306204.6,1274423.7,1307631.2,1333097.2,1359471.1,1384534.2,1426319.2,1482241.1,1542765.3,1579558.4,1624412.0,1685455.7,1610289.5,1760081.3,1802396.4
 "08000","Colorado",7,SARPI,3,"..."," Real PCE (millions of constant (2017) dollars) 3/","Millions of constant 2017 dollars",188107.8,187581.5,193290.8,192643.3,194602.5,201435.1,210537.6,221798.9,231600.3,240861.8,255814.8,259882.2,252188.9,280496.6,292091.7
 "09000","Connecticut",1,SARPI,3,"..."," Real PCE (millions of constant (2017) dollars) 3/","Millions of constant 2017 dollars",148173.2,145062.2,151482.0,150748.7,152339.8,153654.3,158219.2,161087.9,162462.4,165214.0,173063.7,173481.5,167578.7,182368.1,177407.6
 "10000","Delaware",2,SARPI,3,"..."," Real PCE (millions of constant (2017) dollars) 3/","Millions of constant 2017 dollars",36696.1,35898.2,36712.6,37849.8,38291.9,39146.9,39894.5,41521.9,41901.2,42804.6,43890.4,44806.9,44121.2,47950.6,48855.7
 "11000","District of Columbia",2,SARPI,3,"..."," Real PCE (millions of constant (2017) dollars) 3/","Millions of constant 2017 dollars",33318.5,32619.3,33428.4,33989.3,35324.2,35811.7,36612.6,38244.7,39353.3,41134.1,42099.6,43837.3,40430.3,43468.7,43982.5
 "12000","Florida",5,SARPI,3,"..."," Real PCE (millions of constant (2017) dollars) 3/","Millions of constant 2017 dollars",705589.9,694561.9,708341.9,720023.6,732252.1,749497.5,779921.4,816143.5,841243.9,871158.3,908456.3,936770.3,916058.7,1007854.5,1041880.3
 "13000","Georgia",5,SARPI,3,"..."," Real PCE (millions of constant (2017) dollars) 3/","Millions of constant 2017 dollars",335885.3,336939.5,331359.9,340874.6,339789.0,349190.1,361754.1,376570.4,387188.7,399122.2,413280.4,425651.8,416942.6,451513.0,465205.4
 "15000","Hawaii",8,SARPI,3,"..."," Real PCE (millions of constant (2017) dollars) 3/","Millions of constant 2017 dollars",48429.6,46921.1,48490.1,48823.3,50291.7,49977.2,51696.5,52715.4,54277.0,55519.3,56564.7,57741.4,53968.4,58454.4,61198.2
 "16000","Idaho",7,SARPI,3,"..."," Real PCE (millions of constant (2017) dollars) 3/","Millions of constant 2017 dollars",49442.0,48183.2,49559.3,49859.5,50888.1,52668.7,54370.0,55388.2,58656.8,60018.5,64208.9,65465.7,67362.1,75597.2,79171.4
 "17000","Illinois",3,SARPI,3,"..."," Real PCE (millions of constant (2017) dollars) 3/","Millions of constant 2017 dollars",485234.9,470010.8,476494.2,480659.7,487645.5,496107.5,509208.4,527627.7,534014.4,538080.0,549214.9,557905.6,534948.4,568122.8,581883.8
 "18000","Indiana",3,SARPI,3,"..."," Real PCE (millions of constant (2017) dollars) 3/","Millions of constant 2017 dollars",228367.9,224090.8,226320.0,230867.7,234115.8,235982.9,241348.2,250295.3,256588.4,266105.8,267173.3,269692.0,270067.6,287652.3,298717.3
 "19000","Iowa",4,SARPI,3,"..."," Real PCE (millions of constant (2017) dollars) 3/","Millions of constant 2017 dollars",115206.3,112463.8,112560.6,116760.3,116654.8,117865.9,120544.7,124456.6,127487.4,130356.7,127969.4,129279.0,127315.6,138046.2,141783.8
 "20000","Kansas",4,SARPI,3,"..."," Real PCE (millions of constant (2017) dollars) 3/","Millions of constant 2017 dollars",110663.1,106339.3,105773.7,107580.8,107494.9,108661.1,109679.3,112680.2,115222.0,117367.2,117900.6,119004.0,117180.9,125309.9,129618.4
 "21000","Kentucky",5,SARPI,3,"..."," Real PCE (millions of constant (2017) dollars) 3/","Millions of constant 2017 dollars",148684.2,151289.1,150980.7,152633.1,153106.1,154549.7,156694.4,162836.3,166616.2,171290.5,177421.5,177991.3,176412.4,190099.6,192315.0
 "22000","Louisiana",5,SARPI,3,"..."," Real PCE (millions of constant (2017) dollars) 3/","Millions of constant 2017 dollars",157968.5,161045.2,161200.2,162546.2,164047.0,166723.9,169122.2,174337.0,175381.1,180159.0,185849.5,187045.9,182303.1,195609.9,197316.9
 "23000","Maine",1,SARPI,3,"..."," Real PCE (millions of constant (2017) dollars) 3/","Millions of constant 2017 dollars",51749.8,51867.2,53454.2,54944.2,53738.2,53548.7,57131.5,56698.4,58007.0,59583.0,61309.8,63542.8,61456.3,67200.7,66048.1
 "24000","Maryland",2,SARPI,3,"..."," Real PCE (millions of constant (2017) dollars) 3/","Millions of constant 2017 dollars",217969.5,213172.9,220732.1,221893.5,227546.1,227197.5,232539.1,238012.9,242934.2,247089.4,252331.0,256624.8,242158.1,259029.4,266490.1
 "25000","Massachusetts",1,SARPI,3,"..."," Real PCE (millions of constant (2017) dollars) 3/","Millions of constant 2017 dollars",285126.5,285215.4,292237.0,295472.7,298850.8,306903.9,311238.2,320862.7,318760.4,330798.8,337776.1,344648.5,323217.9,356430.7,353181.5
 "26000","Michigan",3,SARPI,3,"..."," Real PCE (millions of constant (2017) dollars) 3/","Millions of constant 2017 dollars",352913.9,346799.9,353731.7,362636.1,368854.2,374474.9,383211.2,402530.9,414519.1,427670.8,428255.5,429451.0,419481.3,449897.7,457968.2
 "27000","Minnesota",4,SARPI,3,"..."," Real PCE (millions of constant (2017) dollars) 3/","Millions of constant 2017 dollars",217775.0,210783.9,216643.3,221412.2,223388.8,226982.9,229844.6,237698.8,244243.8,252123.8,251500.4,255081.8,243406.1,260129.6,266445.2
 "28000","Mississippi",5,SARPI,3,"..."," Real PCE (millions of constant (2017) dollars) 3/","Millions of constant 2017 dollars",95789.0,97545.5,96665.3,97139.2,97814.4,98336.6,99504.5,102529.1,103634.1,105163.0,107466.8,107273.6,108156.9,115139.2,115114.8
 "29000","Missouri",4,SARPI,3,"..."," Real PCE (millions of constant (2017) dollars) 3/","Millions of constant 2017 dollars",237207.7,229619.6,227352.1,231862.0,235134.2,235644.6,237680.6,246631.7,252377.7,256476.3,261329.0,261270.3,256738.1,275817.8,284034.7
 "30000","Montana",7,SARPI,3,"..."," Real PCE (millions of constant (2017) dollars) 3/","Millions of constant 2017 dollars",37809.2,37375.3,39218.6,39343.7,40246.6,41230.7,41616.4,42544.1,43482.3,44550.7,47042.0,46913.6,47545.7,53323.4,55649.1
 "31000","Nebraska",4,SARPI,3,"..."," Real PCE (millions of constant (2017) dollars) 3/","Millions of constant 2017 dollars",71428.2,69713.9,70768.9,73351.7,73720.8,74761.4,76648.4,79116.3,81459.9,83695.8,82982.8,83370.0,81524.7,89078.7,93515.1
 "32000","Nevada",8,SARPI,3,"..."," Real PCE (millions of constant (2017) dollars) 3/","Millions of constant 2017 dollars",97340.7,91217.2,93690.8,93671.2,95280.7,99276.6,103197.2,108066.9,113583.1,115495.0,124585.9,125145.6,124337.2,139705.1,144682.0
 "33000","New Hampshire",1,SARPI,3,"..."," Real PCE (millions of constant (2017) dollars) 3/","Millions of constant 2017 dollars",54914.5,55275.5,56647.6,57168.6,58086.4,58960.7,59844.3,61026.9,61290.3,63068.6,65332.4,66056.5,64268.0,70160.5,67942.7
 "34000","New Jersey",2,SARPI,3,"..."," Real PCE (millions of constant (2017) dollars) 3/","Millions of constant 2017 dollars",364831.4,346665.4,357968.9,357039.7,360496.4,365184.6,372262.0,381162.5,387852.6,392232.8,393723.9,402062.7,391179.7,431827.4,440924.9
 "35000","New Mexico",6,SARPI,3,"..."," Real PCE (millions of constant (2017) dollars) 3/","Millions of constant 2017 dollars",67496.9,66514.8,68712.8,68202.3,68635.9,69761.9,71445.9,72905.3,74403.7,74306.7,79509.5,78292.6,77266.0,86378.8,86746.3
 "36000","New York",2,SARPI,3,"..."," Real PCE (millions of constant (2017) dollars) 3/","Millions of constant 2017 dollars",693019.8,693323.5,715428.9,723455.9,739887.6,756221.2,788913.9,804830.7,819000.7,841269.1,866638.2,884636.6,834353.4,886171.7,923029.0
 "37000","North Carolina",5,SARPI,3,"..."," Real PCE (millions of constant (2017) dollars) 3/","Millions of constant 2017 dollars",330830.3,331678.6,334334.7,337256.0,343565.0,349572.0,359507.8,373938.9,382962.4,397708.6,409322.6,425809.4,427006.5,457835.3,468159.7
 "38000","North Dakota",4,SARPI,3,"..."," Real PCE (millions of constant (2017) dollars) 3/","Millions of constant 2017 dollars",27970.9,28144.2,28755.6,30809.8,32695.2,34419.3,35854.8,37275.5,36563.2,37235.5,36889.3,36829.6,36466.7,38616.8,39865.5
 "39000","Ohio",3,SARPI,3,"..."," Real PCE (millions of constant (2017) dollars) 3/","Millions of constant 2017 dollars",422989.9,413074.6,421357.5,431556.4,434064.8,441416.4,450280.2,466802.4,474588.3,487233.7,488447.8,492918.3,486942.5,517883.8,529179.0
 "40000","Oklahoma",6,SARPI,3,"..."," Real PCE (millions of constant (2017) dollars) 3/","Millions of constant 2017 dollars",127891.6,127721.1,128287.8,131021.3,132340.8,134241.0,137162.3,139549.4,140567.1,143268.7,148652.3,149767.5,146850.5,158391.6,164073.7
 "41000","Oregon",8,SARPI,3,"..."," Real PCE (millions of constant (2017) dollars) 3/","Millions of constant 2017 dollars",137654.3,132290.1,135445.9,136572.3,135654.7,139296.9,145052.4,150481.7,158301.9,162206.1,162923.9,167767.3,166228.2,180465.1,178845.3
 "42000","Pennsylvania",2,SARPI,3,"..."," Real PCE (millions of constant (2017) dollars) 3/","Millions of constant 2017 dollars",495840.5,491193.9,505624.4,514785.5,518822.9,524924.2,534574.9,542487.4,550965.1,553108.8,574735.6,582348.4,561677.2,606697.5,623919.8
 "44000","Rhode Island",1,SARPI,3,"..."," Real PCE (millions of constant (2017) dollars) 3/","Millions of constant 2017 dollars",39227.8,38762.6,39596.5,40052.5,40287.8,40409.0,41890.9,42303.1,43110.2,43452.9,44646.7,45119.8,44465.9,48022.0,47549.5
 "45000","South Carolina",5,SARPI,3,"..."," Real PCE (millions of constant (2017) dollars) 3/","Millions of constant 2017 dollars",162010.4,162217.5,164085.1,165742.3,165730.1,169607.8,174980.8,181377.0,186532.3,192470.1,198269.7,205468.1,205774.9,218435.9,224912.4
 "46000","South Dakota",4,SARPI,3,"..."," Real PCE (millions of constant (2017) dollars) 3/","Millions of constant 2017 dollars",32050.8,31961.5,32276.0,33268.1,33071.4,33631.9,34622.4,36376.1,37638.2,38660.8,37944.2,38372.3,38326.7,41937.9,43659.1
 "47000","Tennessee",5,SARPI,3,"..."," Real PCE (millions of constant (2017) dollars) 3/","Millions of constant 2017 dollars",222138.7,222434.0,223274.8,226222.5,227280.7,229991.0,236514.2,243409.8,248302.0,257850.1,273540.4,276033.2,275903.0,301599.3,306353.8
 "48000","Texas",6,SARPI,3,"..."," Real PCE (millions of constant (2017) dollars) 3/","Millions of constant 2017 dollars",848953.3,853980.0,873538.6,909178.8,928499.3,951950.1,991562.9,1033220.0,1061560.8,1102131.7,1127626.2,1147173.7,1137633.6,1252565.6,1302565.9
 "49000","Utah",7,SARPI,3,"..."," Real PCE (millions of constant (2017) dollars) 3/","Millions of constant 2017 dollars",85637.5,81938.8,84859.2,84501.6,87428.8,90610.5,95301.5,99963.5,106008.5,109011.3,117829.2,121189.1,125948.7,142009.4,148610.5
 "50000","Vermont",1,SARPI,3,"..."," Real PCE (millions of constant (2017) dollars) 3/","Millions of constant 2017 dollars",25655.0,25531.5,26481.9,27241.9,27185.7,27258.8,28463.1,28211.0,28743.9,28574.3,29596.9,30007.0,28376.8,30816.1,30745.8
 "51000","Virginia",5,SARPI,3,"..."," Real PCE (millions of constant (2017) dollars) 3/","Millions of constant 2017 dollars",302674.6,303184.4,306709.1,310657.7,316656.2,316407.4,321863.1,327866.6,335678.6,345020.5,350102.5,362305.1,350600.6,372586.3,381395.2
 "53000","Washington",8,SARPI,3,"..."," Real PCE (millions of constant (2017) dollars) 3/","Millions of constant 2017 dollars",249249.8,246812.2,255029.5,258710.2,264977.1,271619.2,277352.0,287537.8,295739.9,303106.9,316402.1,322556.3,316480.2,340338.2,345506.1
 "54000","West Virginia",5,SARPI,3,"..."," Real PCE (millions of constant (2017) dollars) 3/","Millions of constant 2017 dollars",64239.0,66281.0,66240.7,67273.2,67767.9,67492.6,68295.0,69421.0,71348.4,71914.2,72833.7,73941.7,73305.9,74312.9,76209.0
 "55000","Wisconsin",3,SARPI,3,"..."," Real PCE (millions of constant (2017) dollars) 3/","Millions of constant 2017 dollars",216733.5,213008.4,215229.0,220156.5,218771.8,222283.7,227091.2,233762.9,238358.4,243678.9,247075.3,249371.6,245908.1,263248.5,271110.9
 "56000","Wyoming",7,SARPI,3,"..."," Real PCE (millions of constant (2017) dollars) 3/","Millions of constant 2017 dollars",21948.0,21817.0,22205.7,22424.3,23316.9,23502.5,24291.6,24528.5,24505.4,24589.8,26160.3,25905.5,26622.7,28390.9,28567.0
 "00000","United States", ,SARPI,4,"..."," Real per capita PCE (constant (2017) dollars) 4/","Constant 2017 dollars",37063,36260,36640,36969,37176,37539,38295,39272,39921,40691,41562,42177,40955,44328,45279
 "01000","Alabama",5,SARPI,4,"..."," Real per capita PCE (constant (2017) dollars) 4/","Constant 2017 dollars",34779,34559,34044,34046,33798,34227,34686,35665,35951,36649,38186,38658,38059,40827,41618
 "02000","Alaska",8,SARPI,4,"..."," Real per capita PCE (constant (2017) dollars) 4/","Constant 2017 dollars",41989,41153,42794,43225,43773,43892,44490,44777,44681,44891,45836,46999,45044,47267,50003
 "04000","Arizona",6,SARPI,4,"..."," Real per capita PCE (constant (2017) dollars) 4/","Constant 2017 dollars",34416,32903,33721,34344,34808,35048,35818,36715,36974,38469,39548,40041,39115,43701,43239
 "05000","Arkansas",5,SARPI,4,"..."," Real per capita PCE (constant (2017) dollars) 4/","Constant 2017 dollars",33296,33495,33101,33242,33416,33641,34470,35528,36274,37000,38398,38235,37890,40473,42039
 "06000","California",8,SARPI,4,"..."," Real per capita PCE (constant (2017) dollars) 4/","Constant 2017 dollars",35684,34480,35036,35407,35803,36158,36917,38039,39333,40066,41087,42618,40765,44965,46181
 "08000","Colorado",7,SARPI,4,"..."," Real per capita PCE (constant (2017) dollars) 4/","Constant 2017 dollars",38470,37726,38298,37632,37505,38270,39404,40755,41887,43010,45060,45308,43595,48267,50016
 "09000","Connecticut",1,SARPI,4,"..."," Real per capita PCE (constant (2017) dollars) 4/","Constant 2017 dollars",41791,40727,42310,41942,42255,42560,43771,44598,45032,45796,47923,48094,46584,50331,48924
 "10000","Delaware",2,SARPI,4,"..."," Real per capita PCE (constant (2017) dollars) 4/","Constant 2017 dollars",41517,40257,40803,41677,41777,42294,42661,43957,43966,44519,45198,45661,44472,47721,47973
 "11000","District of Columbia",2,SARPI,4,"..."," Real per capita PCE (constant (2017) dollars) 4/","Constant 2017 dollars",57422,55079,55272,55017,55970,55543,55935,57456,58402,60407,61403,63772,60266,64996,65469
 "12000","Florida",5,SARPI,4,"..."," Real per capita PCE (constant (2017) dollars) 4/","Constant 2017 dollars",38084,37237,37592,37818,37996,38421,39399,40512,40960,41739,42986,43868,42431,46172,46837
 "13000","Georgia",5,SARPI,4,"..."," Real per capita PCE (constant (2017) dollars) 4/","Constant 2017 dollars",35338,35022,34117,34764,34298,34987,35896,36950,37525,38272,39238,39994,38858,41853,42629
 "15000","Hawaii",8,SARPI,4,"..."," Real per capita PCE (constant (2017) dollars) 4/","Constant 2017 dollars",36353,34841,35522,35253,35794,35117,36045,36444,37252,38070,38738,39629,37193,40393,42493
 "16000","Idaho",7,SARPI,4,"..."," Real per capita PCE (constant (2017) dollars) 4/","Constant 2017 dollars",32224,30997,31541,31427,31805,32551,33149,33318,34584,34612,36304,36208,36428,39698,40830
 "17000","Illinois",3,SARPI,4,"..."," Real per capita PCE (constant (2017) dollars) 4/","Constant 2017 dollars",38066,36729,37094,37281,37720,38277,39259,40697,41247,41633,42612,43416,41837,44782,46247
 "18000","Indiana",3,SARPI,4,"..."," Real per capita PCE (constant (2017) dollars) 4/","Constant 2017 dollars",35545,34693,34865,35402,35763,35858,36513,37760,38536,39801,39724,39885,39781,42218,43717
 "19000","Iowa",4,SARPI,4,"..."," Real per capita PCE (constant (2017) dollars) 4/","Constant 2017 dollars",38189,37082,36888,38033,37843,37994,38617,39685,40479,41218,40351,40605,39904,43171,44300
 "20000","Kansas",4,SARPI,4,"..."," Real per capita PCE (constant (2017) dollars) 4/","Constant 2017 dollars",39409,37540,36999,37452,37181,37448,37671,38554,39362,40092,40218,40564,39886,42653,44131
 "21000","Kentucky",5,SARPI,4,"..."," Real per capita PCE (constant (2017) dollars) 4/","Constant 2017 dollars",34659,35044,34715,34894,34844,34999,35382,36645,37378,38271,39539,39570,39138,42183,42620
 "22000","Louisiana",5,SARPI,4,"..."," Real per capita PCE (constant (2017) dollars) 4/","Constant 2017 dollars",35614,35854,35469,35513,35635,36023,36380,37327,37430,38507,39796,40099,39191,42275,42986
 "23000","Maine",1,SARPI,4,"..."," Real per capita PCE (constant (2017) dollars) 4/","Constant 2017 dollars",38895,39010,40253,41311,40377,40184,42746,42450,43283,44305,45397,46809,45071,48794,47676
 "24000","Maryland",2,SARPI,4,"..."," Real per capita PCE (constant (2017) dollars) 4/","Constant 2017 dollars",38341,37200,38113,37903,38476,38105,38699,39346,39958,40421,41104,41635,39227,41951,43229
 "25000","Massachusetts",1,SARPI,4,"..."," Real per capita PCE (constant (2017) dollars) 4/","Constant 2017 dollars",44076,43761,44484,44567,44653,45423,45640,46737,46140,47540,48295,49119,46202,50994,50585
 "26000","Michigan",3,SARPI,4,"..."," Real per capita PCE (constant (2017) dollars) 4/","Constant 2017 dollars",35480,35025,35803,36647,37180,37646,38419,40305,41382,42555,42525,42612,41658,44822,45641
 "27000","Minnesota",4,SARPI,4,"..."," Real per capita PCE (constant (2017) dollars) 4/","Constant 2017 dollars",41505,39912,40783,41366,41458,41798,41993,43142,43959,44979,44512,44856,42629,45545,46604
 "28000","Mississippi",5,SARPI,4,"..."," Real per capita PCE (constant (2017) dollars) 4/","Constant 2017 dollars",32495,32968,32543,32620,32798,32926,33306,34349,34726,35249,36128,36131,36562,39036,39154
 "29000","Missouri",4,SARPI,4,"..."," Real per capita PCE (constant (2017) dollars) 4/","Constant 2017 dollars",40042,38520,37916,38569,39015,38988,39218,40584,41419,41951,42641,42529,41719,44704,45976
 "30000","Montana",7,SARPI,4,"..."," Real per capita PCE (constant (2017) dollars) 4/","Constant 2017 dollars",38722,37984,39580,39415,40031,40584,40601,41129,41584,42109,44107,43622,43737,48203,49560
 "31000","Nebraska",4,SARPI,4,"..."," Real per capita PCE (constant (2017) dollars) 4/","Constant 2017 dollars",39762,38459,38668,39783,39659,39907,40557,41543,42397,43268,42657,42646,41538,45366,47520
 "32000","Nevada",8,SARPI,4,"..."," Real per capita PCE (constant (2017) dollars) 4/","Constant 2017 dollars",36682,33977,34675,34558,34775,35839,36728,37825,39091,39076,41368,40778,39907,44402,45529
 "33000","New Hampshire",1,SARPI,4,"..."," Real per capita PCE (constant (2017) dollars) 4/","Constant 2017 dollars",41731,41999,43010,43248,43763,44296,44686,45419,45365,46409,47867,48152,46619,50566,48696
 "34000","New Jersey",2,SARPI,4,"..."," Real per capita PCE (constant (2017) dollars) 4/","Constant 2017 dollars",41881,39594,40636,40221,40354,40645,41207,41994,42528,42751,42709,43425,42191,46594,47607
 "35000","New Mexico",6,SARPI,4,"..."," Real per capita PCE (constant (2017) dollars) 4/","Constant 2017 dollars",33569,32656,33277,32756,32836,33275,34102,34783,35437,35366,37806,37103,36474,40809,41047
 "36000","New York",2,SARPI,4,"..."," Real per capita PCE (constant (2017) dollars) 4/","Constant 2017 dollars",36071,35910,36840,36909,37448,38016,39442,40064,40644,41667,42855,43746,41493,44627,46909
 "37000","North Carolina",5,SARPI,4,"..."," Real per capita PCE (constant (2017) dollars) 4/","Constant 2017 dollars",35537,35100,34931,34976,35339,35658,36387,37521,38007,39086,39834,41059,40864,43331,43757
 "38000","North Dakota",4,SARPI,4,"..."," Real per capita PCE (constant (2017) dollars) 4/","Constant 2017 dollars",42537,42324,42597,44843,46371,47319,48166,48873,47817,48568,47821,47429,46781,49640,51158
 "39000","Ohio",3,SARPI,4,"..."," Real per capita PCE (constant (2017) dollars) 4/","Constant 2017 dollars",36733,35829,36507,37338,37507,38015,38656,39986,40557,41510,41525,41813,41275,44021,45013
 "40000","Oklahoma",6,SARPI,4,"..."," Real per capita PCE (constant (2017) dollars) 4/","Constant 2017 dollars",34858,34356,34123,34601,34686,34885,35428,35772,35888,36544,37840,37975,37038,39685,40816
 "41000","Oregon",8,SARPI,4,"..."," Real per capita PCE (constant (2017) dollars) 4/","Constant 2017 dollars",36525,34735,35294,35266,34783,35498,36580,37448,38675,39112,38945,39793,39160,42400,42179
 "42000","Pennsylvania",2,SARPI,4,"..."," Real per capita PCE (constant (2017) dollars) 4/","Constant 2017 dollars",39314,38778,39761,40303,40484,40860,41503,42058,42650,42726,44276,44826,43224,46626,48097
 "44000","Rhode Island",1,SARPI,4,"..."," Real per capita PCE (constant (2017) dollars) 4/","Constant 2017 dollars",37183,36789,37534,37834,37879,37830,39039,39266,39834,40052,40895,41223,40558,43776,43474
 "45000","South Carolina",5,SARPI,4,"..."," Real per capita PCE (constant (2017) dollars) 4/","Constant 2017 dollars",35772,35342,35410,35546,35254,35780,36513,37377,37984,38759,39488,40466,40098,42061,42576
 "46000","South Dakota",4,SARPI,4,"..."," Real per capita PCE (constant (2017) dollars) 4/","Constant 2017 dollars",40107,39602,39550,40415,39711,39981,40846,42688,43732,44429,43350,43481,43171,46797,47986
 "47000","Tennessee",5,SARPI,4,"..."," Real per capita PCE (constant (2017) dollars) 4/","Constant 2017 dollars",35557,35273,35126,35323,35166,35342,36061,36808,37214,38260,40188,40224,39838,43281,43446
 "48000","Texas",6,SARPI,4,"..."," Real per capita PCE (constant (2017) dollars) 4/","Constant 2017 dollars",34923,34432,34611,35473,35635,36007,36850,37710,38144,39093,39551,39753,38917,42375,43376
 "49000","Utah",7,SARPI,4,"..."," Real per capita PCE (constant (2017) dollars) 4/","Constant 2017 dollars",32158,30087,30568,29984,30564,31158,32298,33331,34609,34875,37043,37488,38355,42529,43957
 "50000","Vermont",1,SARPI,4,"..."," Real per capita PCE (constant (2017) dollars) 4/","Constant 2017 dollars",41104,40862,42279,43270,43107,43075,44907,44366,45171,44713,46197,46752,44139,47631,47516
 "51000","Virginia",5,SARPI,4,"..."," Real per capita PCE (constant (2017) dollars) 4/","Constant 2017 dollars",38639,38252,38219,38317,38631,38261,38622,39079,39750,40578,40962,42142,40595,43037,43921
 "53000","Washington",8,SARPI,4,"..."," Real per capita PCE (constant (2017) dollars) 4/","Constant 2017 dollars",37982,37018,37818,37876,38380,38946,39240,40045,40424,40703,41916,42227,40973,43967,44377
 "54000","West Virginia",5,SARPI,4,"..."," Real per capita PCE (constant (2017) dollars) 4/","Constant 2017 dollars",34907,35871,35721,36220,36459,36352,36856,37599,38861,39453,40227,41069,40921,41620,42931
 "55000","Wisconsin",3,SARPI,4,"..."," Real per capita PCE (constant (2017) dollars) 4/","Constant 2017 dollars",38421,37573,37813,38535,38153,38610,39300,40345,41009,41751,42172,42409,41706,44769,46009
 "56000","Wyoming",7,SARPI,4,"..."," Real per capita PCE (constant (2017) dollars) 4/","Constant 2017 dollars",40195,38969,39344,39559,40516,40457,41814,42026,42107,42672,45512,45026,46092,48993,49136
"Note: See the included footnote file."
"SARPI: Real personal income and real personal Consumption Expenditures (PCE) by state "
"Last updated: December 14, 2023-- new statistics for 2022; revised statistics for 2008-2021."
"U.S. Bureau of Economic Analysis"
