state_name,year,average_labor_force,average_employed,average_unemployed,average_unemployment_rate
Alabama,1976,22447.761194029852,20925.373134328358,1522.3880597014925,6.894029850746269
Alabama,1977,23417.910447761195,21671.65671641791,1746.2537313432836,7.7432835820895525
Alabama,1978,24328.34328358209,22776.074626865673,1552.2686567164178,6.732835820895522
Alabama,1979,24850.746268656716,23074.641791044774,1776.1044776119404,7.67910447761194
Alabama,1980,25014.910447761195,22805.955223880595,2208.955223880597,9.273134328358209
Alabama,1981,24925.462686567163,22268.731343283584,2656.731343283582,11.380597014925373
Alabama,1982,25567.20895522388,21880.611940298506,3686.597014925373,15.511940298507463
Alabama,1983,26298.492537313432,22701.432835820895,3597.0597014925374,14.508955223880598
Alabama,1984,26776.17910447761,23791.10447761194,2985.0746268656717,12.353731343283583
Alabama,1985,26910.492537313432,24522.402985074626,2388.089552238806,10.619402985074627
Alabama,1986,28074.582089552237,25313.432835820895,2761.1492537313434,11.482089552238806
Alabama,1987,28283.626865671642,26089.611940298506,2194.0149253731342,9.014925373134329
Alabama,1988,27955.223880597016,25940.298507462685,2014.9253731343283,8.201492537313433
Alabama,1989,28462.805970149253,26462.731343283584,2000.0746268656717,8.15820895522388
Alaska,1976,5655.275862068966,5172.517241379311,482.7586206896552,11.144827586206896
Alaska,1977,5931.137931034483,5379.379310344828,551.7586206896551,10.879310344827585
Alaska,1978,6241.517241379311,5551.758620689655,689.7586206896551,12.344827586206897
Alaska,1979,6310.379310344828,5724.137931034483,586.2413793103449,10.351724137931035
Alaska,1980,6448.448275862069,5827.620689655172,620.8275862068965,11.517241379310345
Alaska,1981,6724.206896551724,6103.482758620689,620.7241379310345,11.217241379310344
Alaska,1982,7276.0344827586205,6551.758620689655,724.2758620689655,11.879310344827585
Alaska,1983,7931.103448275862,7103.551724137931,827.551724137931,12.541379310344828
Alaska,1984,10652.217391304348,9565.260869565218,1086.9565217391305,11.839130434782609
Alaska,1985,10956.695652173914,9913.173913043478,1043.5217391304348,10.343478260869565
Alaska,1986,11174.08695652174,9956.652173913044,1217.4347826086957,11.878260869565217
Alaska,1987,10782.782608695652,9608.695652173914,1174.0869565217392,12.08695652173913
Alaska,1988,10416.916666666666,9458.416666666666,958.5,9.904166666666667
Alaska,1989,10541.875,9833.458333333334,708.4166666666666,7.591666666666667
Arizona,1976,70571.57142857143,63642.92857142857,6928.642857142857,11.364285714285714
Arizona,1977,74500.14285714286,68428.64285714286,6071.5,10.778571428571428
Arizona,1978,76928.71428571429,72214.35714285714,4714.357142857143,8.478571428571428
Arizona,1979,82214.42857142857,78071.42857142857,4143,7.064285714285714
Arizona,1980,88571.42857142857,82642.85714285714,5928.571428571428,8.978571428571428
Arizona,1981,90857.28571428571,85285.85714285714,5571.428571428572,9.264285714285714
Arizona,1982,95571.71428571429,86071.57142857143,9500.142857142857,17.692857142857143
Arizona,1983,91733.53333333334,83400.06666666667,8333.466666666667,15.366666666666667
Arizona,1984,95467,90733.46666666666,4733.533333333334,8.986666666666666
Arizona,1985,98466.66666666667,92066.66666666667,6400,12.133333333333333
Arizona,1986,104800.06666666667,97533.33333333333,7266.733333333334,12.013333333333334
Arizona,1987,107466.8,100733.4,6733.4,10.1
Arizona,1988,110666.66666666667,103733.26666666666,6933.4,10.34
Arizona,1989,113733.33333333333,107800.06666666667,5933.266666666666,8.286666666666667
Arkansas,1976,11866.706666666667,11026.706666666667,840,7.629333333333333
Arkansas,1977,12506.746666666666,11680.053333333333,826.6933333333334,7.290666666666667
Arkansas,1978,12613.466666666667,11813.386666666667,800.08,6.84
Arkansas,1979,13160.133333333333,12346.733333333334,813.4,6.930666666666666
Arkansas,1980,13333.44,12320,1013.44,8.376
Arkansas,1981,13773.44,12520.08,1253.36,10.028
Arkansas,1982,13666.813333333334,12333.426666666666,1333.3866666666668,10.872
Arkansas,1983,13680.133333333333,12293.44,1386.6933333333334,11.442666666666668
Arkansas,1984,13920.08,12680.013333333334,1240.0666666666666,10.222666666666667
Arkansas,1985,14013.44,12800.093333333334,1213.3466666666666,10.06
Arkansas,1986,14306.68,13053.373333333333,1253.3066666666666,10.249333333333333
Arkansas,1987,14560.066666666668,13373.373333333333,1186.6933333333334,9.281333333333333
Arkansas,1988,14786.746666666666,13653.346666666666,1133.4,8.678666666666667
Arkansas,1989,15133.44,14040.053333333333,1093.3866666666668,8.078666666666667
California,1976,170604.91379310345,155002.94827586206,15619.206896551725,11.01551724137931
California,1977,178716.60344827586,164025.22413793104,14708.620689655172,10.71551724137931
California,1978,188092.2068965517,174745.44827586206,13364,9.348275862068965
California,1979,194274.5344827586,182172.1724137931,12102.362068965518,8.946551724137931
California,1980,199714.27586206896,186088.3103448276,13625.965517241379,9.486206896551725
California,1981,203635.1551724138,188557.1724137931,15077.98275862069,10.691379310344827
California,1982,210069.37931034484,189184.4827586207,20884.896551724138,13.943103448275862
California,1983,212612.2068965517,192079.94827586206,20549.5,13.11896551724138
California,1984,215562.93103448275,198823.91379310345,16756.258620689656,11.403448275862068
California,1985,223044.93103448275,206993.93103448275,16051,10.306896551724138
California,1986,229886.06896551725,214552.43103448275,15350.879310344828,9.232758620689655
California,1987,236674.8275862069,223055.8620689655,13636.206896551725,7.893103448275862
California,1988,243654.41379310345,230755.06896551725,12899.344827586207,7.794827586206897
California,1989,250299.7068965517,237585.27586206896,12714.431034482759,7.660344827586207
Colorado,1976,19761.968253968254,18603.190476190477,1158.7777777777778,5.644444444444445
Colorado,1977,20539.777777777777,19254,1285.7777777777778,6.463492063492064
Colorado,1978,21381,20206.4126984127,1174.5873015873017,6.103174603174603
Colorado,1979,22730.31746031746,21650.84126984127,1079.4761904761904,5.20952380952381
Colorado,1980,23841.349206349205,22444.428571428572,1396.920634920635,6.23968253968254
Colorado,1981,24444.507936507936,23095.31746031746,1349.1904761904761,6.23968253968254
Colorado,1982,25238.126984126986,23285.714285714286,1952.4126984126983,9.674603174603174
Colorado,1983,26460.26984126984,24714.285714285714,1745.984126984127,8.492063492063492
Colorado,1984,27079.492063492064,25555.555555555555,1523.936507936508,7.353968253968254
Colorado,1985,27301.68253968254,25698.444444444445,1603.2380952380952,8.11111111111111
Colorado,1986,26920.73015873016,24920.68253968254,2000.047619047619,9.398412698412699
Colorado,1987,26888.84126984127,24825.396825396827,2063.4444444444443,9.047619047619047
Colorado,1988,27111.20634920635,25365.11111111111,1746.095238095238,7.296825396825397
Colorado,1989,26904.873015873014,25349.25396825397,1555.6190476190477,6.63968253968254
Connecticut,1976,180874.875,163874.875,17000,9.2625
Connecticut,1977,185125.25,172000.125,13125.125,7.1000000000000005
Connecticut,1978,187125.125,177375,9750.125,5.45
Connecticut,1979,195000.125,185000.125,10000,5.325
Connecticut,1980,199000,187250.125,11749.875,6.1375
Connecticut,1981,198000,185750,12250,6.3500000000000005
Connecticut,1982,199250,185500,13750,7.075
Connecticut,1983,201000.125,188875,12125.125,6.125
Connecticut,1984,209000.125,199375.125,9625,4.725
Connecticut,1985,213875.125,203500.25,10374.875,4.925
Connecticut,1986,217375.125,209125,8250.125,3.775
Connecticut,1987,219125,211874.875,7250.125,3.25
Connecticut,1988,217495.75,211000.125,6495.625,2.95
Connecticut,1989,220124.875,212124.75,8000.125,3.6625
Delaware,1976,88000,80333.33333333333,7666.666666666667,8.6
Delaware,1977,92333.33333333333,84333.33333333333,8000,8.666666666666668
Delaware,1978,93666.33333333333,86333,7333.333333333333,7.866666666666666
Delaware,1979,94333.33333333333,86666.66666666667,7666.666666666667,8.533333333333333
Delaware,1980,94666.66666666667,87333.33333333333,7333.333333333333,8
Delaware,1981,96000,88333.33333333333,7666.666666666667,8.366666666666667
Delaware,1982,99333.33333333333,91000,8333.333333333334,8.4
Delaware,1983,99333,91333.66666666667,7999.333333333333,8.233333333333334
Delaware,1984,102667.66666666667,96333.66666666667,6334,6.1
Delaware,1985,105000.33333333333,99333.66666666667,5666.666666666667,5.5
Delaware,1986,108000,103333.33333333333,4666.666666666667,4.266666666666667
Delaware,1987,110666.66666666667,107000,3666.6666666666665,3.566666666666667
Delaware,1988,116333.66666666667,112666.66666666667,3667,3.2666666666666666
Delaware,1989,120666.66666666667,116333.33333333333,4333.333333333333,3.8666666666666667
District of Columbia,1976,341000,311000,31000,9.1
District of Columbia,1977,337000,304000,33000,9.7
District of Columbia,1978,344000,314000,29000,8.5
District of Columbia,1979,334000,309000,25000,7.5
District of Columbia,1980,329000,305000,24000,7.3
District of Columbia,1981,310000,283000,28000,9
District of Columbia,1982,312000,279000,33000,10.6
District of Columbia,1983,325000,287000,38000,11.7
District of Columbia,1984,320000,291000,29000,9
District of Columbia,1985,322000,295000,27000,8.4
District of Columbia,1986,324000,299000,25000,7.7
District of Columbia,1987,331000,310000,21000,6.3
District of Columbia,1988,332000,315000,16000,5
District of Columbia,1989,315000,299000,16000,5
Florida,1976,53796.149253731346,48945.32835820896,4850.820895522388,7.865671641791045
Florida,1977,55465.80597014925,50906.611940298506,4559.194029850746,7.832835820895522
Florida,1978,58897.477611940296,54990.41791044776,3907.0597014925374,6.614925373134328
Florida,1979,61666.522388059704,57968.79104477612,3697.731343283582,6.358208955223881
Florida,1980,63737.77611940299,59997.19402985075,3740.582089552239,5.944776119402985
Florida,1981,67436.14925373135,62837.10447761194,4599.044776119403,6.882089552238806
Florida,1982,70833.88059701493,65047.79104477612,5786.089552238806,8.67910447761194
Florida,1983,73172,66885.92537313433,6286.074626865671,9.528358208955224
Florida,1984,76097.46268656716,71291.77611940299,4805.686567164179,7.222388059701492
Florida,1985,79666.89552238806,74899.92537313433,4766.9701492537315,6.8104477611940295
Florida,1986,83356.59701492537,78581.86567164179,4774.731343283582,6.402985074626866
Florida,1987,87619,82958.3880597015,4660.611940298508,6.205970149253732
Florida,1988,90749.6119402985,86217.31343283581,4532.298507462687,5.785074626865672
Florida,1989,92433.98507462686,87233.68656716419,5200.298507462687,6.240298507462686
Georgia,1976,14301.962264150943,13144.67924528302,1157.2830188679245,7.433962264150943
Georgia,1977,14660.427672955975,13647.817610062893,1012.6100628930818,6.574842767295597
Georgia,1978,15157.314465408805,14295.66037735849,861.6540880503145,5.6918238993710695
Georgia,1979,15459.276729559748,14673.056603773584,786.2201257861635,5.210691823899371
Georgia,1980,15993.779874213837,14968.603773584906,1025.1761006289307,6.908805031446541
Georgia,1981,16352.301886792453,15308.245283018869,1044.0566037735848,6.962893081761006
Georgia,1982,16754.861635220124,15446.610062893082,1308.251572327044,8.935849056603773
Georgia,1983,16962.283018867925,15691.830188679245,1270.4528301886792,8.283647798742138
Georgia,1984,17358.559748427673,16314.490566037735,1044.0691823899372,6.887421383647799
Georgia,1985,18018.937106918238,16842.80503144654,1176.132075471698,8.152830188679244
Georgia,1986,18830.1572327044,17716.955974842767,1113.2012578616352,7.29874213836478
Georgia,1987,19220.12578616352,18163.49685534591,1056.6289308176101,6.461635220125786
Georgia,1988,19830.238993710693,18679.30817610063,1150.9308176100628,6.774213836477988
Georgia,1989,20094.37106918239,18981.138364779876,1113.2327044025158,6.323270440251572
Hawaii,1976,102250,92250,10000,10.15
Hawaii,1977,104750,97000,7750,7.525
Hawaii,1978,104250,96250,8000,7.8
Hawaii,1979,105000,98500,6500,6.324999999999999
Hawaii,1980,109500,104250,5250,5.075
Hawaii,1981,112500,106500,6000,6.075
Hawaii,1982,115250,107500,7750,7.95
Hawaii,1983,118000,110500,7500,7.6
Hawaii,1984,118249.75,111500,6749.75,6.575
Hawaii,1985,120250,113500,6750,6.575
Hawaii,1986,123000,117000,6000,5.8
Hawaii,1987,128249.75,123249.75,5000,4.55
Hawaii,1988,129500,125500,4000,3.675
Hawaii,1989,131000.25,127750,3250.25,2.875
Idaho,1976,8500.068181818182,8022.727272727273,477.34090909090907,6.747727272727273
Idaho,1977,9090.931818181818,8545.5,545.4318181818181,7.4409090909090905
Idaho,1978,9522.863636363636,8977.34090909091,545.5227272727273,7.295454545454546
Idaho,1979,9818.34090909091,9250.113636363636,568.2272727272727,7.045454545454546
Idaho,1980,9772.886363636364,9000.045454545454,772.8409090909091,8.963636363636363
Idaho,1981,9772.727272727272,9022.75,749.9772727272727,8.613636363636363
Idaho,1982,10113.75,9113.681818181818,1000.0681818181819,11.270454545454545
Idaho,1983,10386.454545454546,9363.681818181818,1022.7727272727273,10.98409090909091
Idaho,1984,10545.5,9795.522727272728,749.9772727272727,8.415909090909091
Idaho,1985,10704.59090909091,9863.613636363636,840.9772727272727,8.797727272727272
Idaho,1986,10749.954545454546,9818.25,931.7045454545455,10.03409090909091
Idaho,1987,10750.181818181818,9886.431818181818,863.75,8.977272727272727
Idaho,1988,10886.5,10250.045454545454,636.4545454545455,6.7681818181818185
Idaho,1989,11113.727272727272,10545.522727272728,568.2045454545455,5.870454545454545
Illinois,1976,49600.901960784315,46355.950980392154,3244.950980392157,6.4411764705882355
Illinois,1977,51854.8431372549,48663.67647058824,3191.1666666666665,6.491176470588235
Illinois,1978,53141.96078431373,49922.44117647059,3219.5196078431372,6.6343137254901965
Illinois,1979,53222.42156862745,50299.08823529412,2923.3333333333335,6.313725490196078
Illinois,1980,54338.470588235294,49847.1568627451,4491.313725490196,9.466666666666667
Illinois,1981,54760.813725490196,50103.57843137255,4657.235294117647,9.41078431372549
Illinois,1982,54869.76470588235,48658.294117647056,6211.470588235294,12.571568627450981
Illinois,1983,54829.74509803922,48558.833333333336,6270.911764705882,13.258823529411764
Illinois,1984,54941.73529411765,49929.62745098039,5012.107843137255,11.824509803921568
Illinois,1985,55616.08823529412,50586.56862745098,5029.519607843137,11.766666666666667
Illinois,1986,55888.294117647056,51355.19607843137,4533.098039215686,10.97843137254902
Illinois,1987,56377.12745098039,52227.86274509804,4149.264705882353,10.149019607843137
Illinois,1988,56950.76470588235,53081.970588235294,3868.794117647059,9.291176470588235
Illinois,1989,58964.813725490196,55448.12745098039,3516.6862745098038,8.064705882352941
Indiana,1976,26652.315217391304,25032.66304347826,1619.6521739130435,6.322826086956522
Indiana,1977,26989.282608695652,25445.739130434784,1543.5434782608695,5.871739130434783
Indiana,1978,28228.282608695652,26630.434782608696,1597.8478260869565,6.104347826086957
Indiana,1979,28652.293478260868,26815.260869565216,1837.0326086956522,6.714130434782609
Indiana,1980,28608.858695652172,25869.630434782608,2739.228260869565,9.895652173913044
Indiana,1981,28565.282608695652,25695.641304347828,2869.641304347826,10.430434782608696
Indiana,1982,28250.130434782608,24880.478260869564,3369.6521739130435,12.527173913043478
Indiana,1983,28087.021739130436,24978.271739130436,3108.75,11.390217391304347
Indiana,1984,28543.543478260868,26087.021739130436,2456.521739130435,8.996739130434783
Indiana,1985,29728.32608695652,27391.347826086956,2336.978260869565,8.528260869565218
Indiana,1986,29989.206521739132,27967.402173913044,2021.804347826087,7.2043478260869565
Indiana,1987,29924.032608695652,28010.91304347826,1913.1195652173913,6.9021739130434785
Indiana,1988,30510.989130434784,28891.347826086956,1619.641304347826,5.755434782608695
Indiana,1989,31304.42391304348,29826.119565217392,1478.304347826087,5.144565217391304
Iowa,1976,13535.444444444445,13000.040404040405,535.4040404040404,3.716161616161616
Iowa,1977,14050.525252525253,13484.878787878788,565.6464646464647,3.9515151515151516
Iowa,1978,14343.555555555555,13767.70707070707,575.8484848484849,3.9494949494949494
Iowa,1979,14404.040404040405,13808.131313131313,595.9090909090909,3.9686868686868686
Iowa,1980,14474.808080808081,13646.525252525253,828.2828282828283,5.5181818181818185
Iowa,1981,14424.31313131313,13424.29292929293,1000.020202020202,6.356565656565657
Iowa,1982,14323.30303030303,13101.050505050505,1222.2525252525252,7.9505050505050505
Iowa,1983,14373.737373737375,13202.040404040405,1171.6969696969697,7.724242424242425
Iowa,1984,14323.29292929293,13313.20202020202,1010.0909090909091,7.0919191919191915
Iowa,1985,14303.070707070707,13161.636363636364,1141.4343434343434,8.225252525252525
Iowa,1986,14535.494949494949,13515.232323232323,1020.2626262626262,7.2414141414141415
Iowa,1987,14636.444444444445,13828.343434343435,808.10101010101,5.663636363636364
Iowa,1988,15151.585858585859,14474.747474747475,676.8383838383838,4.523232323232323
Iowa,1989,15282.878787878788,14626.272727272728,656.6060606060606,4.414141414141414
Kansas,1976,10228.628571428571,9790.542857142857,438.0857142857143,3.1076190476190475
Kansas,1977,10533.371428571429,10114.333333333334,419.03809523809525,2.9514285714285715
Kansas,1978,10876.361904761905,10552.485714285714,323.87619047619046,2.275238095238095
Kansas,1979,11200.066666666668,10828.609523809524,371.45714285714286,2.7066666666666666
Kansas,1980,11285.819047619048,10780.980952380953,504.83809523809526,3.4495238095238094
Kansas,1981,11342.990476190476,10866.752380952381,476.23809523809524,3.3933333333333335
Kansas,1982,11285.857142857143,10581.057142857142,704.8,4.86952380952381
Kansas,1983,11285.771428571428,10600.066666666668,685.7047619047619,5.055238095238095
Kansas,1984,11409.6,10809.561904761904,600.0380952380953,4.7247619047619045
Kansas,1985,11847.657142857142,11257.133333333333,590.5238095238095,4.703809523809523
Kansas,1986,11771.485714285714,11133.342857142858,638.1428571428571,5.52
Kansas,1987,12066.733333333334,11476.219047619048,590.5142857142857,4.744761904761905
Kansas,1988,12209.72380952381,11628.619047619048,581.1047619047619,4.406666666666666
Kansas,1989,12238.247619047619,11743,495.247619047619,3.704761904761905
Kentucky,1976,12358.475,11666.741666666667,691.7333333333333,6.079166666666667
Kentucky,1977,12916.758333333333,12316.7,600.0583333333333,5.168333333333333
Kentucky,1978,13316.75,12616.716666666667,700.0333333333333,5.965
Kentucky,1979,13391.775,12650.083333333334,741.6916666666667,6.705
Kentucky,1980,13866.708333333334,12758.383333333333,1108.325,9.216666666666667
Kentucky,1981,13908.416666666666,12741.7,1166.7166666666667,9.543333333333333
Kentucky,1982,14050,12558.333333333334,1491.6666666666667,12.054166666666667
Kentucky,1983,14175,12525,1650,13.163333333333334
Kentucky,1984,14300,12966.666666666666,1333.3333333333333,11.106666666666667
Kentucky,1985,14125.108333333334,12783.366666666667,1341.7416666666666,11.5575
Kentucky,1986,14100.008333333333,12791.666666666666,1308.3416666666667,11.543333333333333
Kentucky,1987,14033.308333333332,12799.958333333334,1233.35,10.720833333333333
Kentucky,1988,14275.166666666666,13150.083333333334,1125.0833333333333,9.815
Kentucky,1989,14516.791666666666,13616.733333333334,900.0583333333333,7.58
Louisiana,1976,23828.203125,22203.140625,1625.0625,7.0390625
Louisiana,1977,25062.578125,23328.125,1734.453125,7.140625
Louisiana,1978,26000.125,24187.5625,1812.5625,7.6984375
Louisiana,1979,27046.984375,25250.09375,1796.890625,7.7093750000000005
Louisiana,1980,27953.1875,26062.546875,1890.640625,8.2109375
Louisiana,1981,29000.0625,26562.515625,2437.546875,10.0921875
Louisiana,1982,29125,26109.375,3015.625,12.528125
Louisiana,1983,29843.75,26328.125,3515.625,13.2921875
Louisiana,1984,30296.9375,27265.625,3031.3125,11.353125
Louisiana,1985,31046.90625,27468.75,3578.15625,12.8921875
Louisiana,1986,31125,27031.25,4093.75,15.571875
Louisiana,1987,30453.125,26796.875,3656.25,14.1703125
Louisiana,1988,29937.5625,26671.890625,3265.671875,12.9875
Louisiana,1989,29687.515625,27328.15625,2359.359375,9.6
Maine,1976,30000,27312.5,2687.5,9.475
Maine,1977,29875.1875,27375.125,2500.0625,9.01875
Maine,1978,30250.1875,28375.1875,1875,6.74375
Maine,1979,31187.375,28937.375,2250,7.725
Maine,1980,31687.4375,29249.9375,2437.5,8.375
Maine,1981,31812.8125,29500.1875,2312.625,7.71875
Maine,1982,32249.9375,29499.875,2750.0625,9.21875
Maine,1983,33499.9375,30500,2999.9375,9.71875
Maine,1984,34500.0625,32375.0625,2125,6.9
Maine,1985,34500,32624.9375,1875.0625,6.36875
Maine,1986,35062.4375,33187.4375,1875,6.35
Maine,1987,36687.4375,35062.5625,1624.875,5.2375
Maine,1988,37312.5625,35937.4375,1375.125,4.5125
Maine,1989,38437.6875,36875.0625,1562.625,4.88125
Maryland,1976,79375.08333333333,74041.70833333333,5333.375,8.941666666666666
Maryland,1977,81791.625,76833.29166666667,4958.333333333333,8.120833333333334
Maryland,1978,85624.95833333333,80833.33333333333,4791.625,7.041666666666667
Maryland,1979,88166.91666666667,82958.45833333333,5208.458333333333,7.654166666666667
Maryland,1980,89750.08333333333,83916.75,5833.333333333333,8.633333333333333
Maryland,1981,90083.5,83541.83333333333,6541.666666666667,9.616666666666667
Maryland,1982,90166.70833333333,82541.79166666667,7624.916666666667,10.5875
Maryland,1983,92125.08333333333,85749.95833333333,6375.125,9.054166666666667
Maryland,1984,93500.16666666667,88458.45833333333,5041.708333333333,6.8375
Maryland,1985,93874.91666666667,89583.25,4291.666666666667,5.558333333333334
Maryland,1986,97999.83333333333,93624.95833333333,4374.875,5.429166666666667
Maryland,1987,100208.33333333333,95958.29166666667,4250.041666666667,5.175
Maryland,1988,102125.125,97583.375,4541.75,5.35
Maryland,1989,105125.04166666667,101250,3875.0416666666665,4.4375
Massachusetts,1976,195202.7142857143,176631.14285714287,18571.571428571428,9.335714285714285
Massachusetts,1977,197098.57142857142,181125.2142857143,15973.357142857143,8.285714285714286
Massachusetts,1978,201523.85714285713,189262.5,12261.357142857143,6.357142857142857
Massachusetts,1979,205491.07142857142,194104.07142857142,11387,5.857142857142857
Massachusetts,1980,205232.85714285713,193698.2142857143,11534.642857142857,5.835714285714285
Massachusetts,1981,210937.35714285713,197538.7857142857,13398.57142857143,6.514285714285714
Massachusetts,1982,214286.2857142857,197338.7857142857,16947.5,7.878571428571428
Massachusetts,1983,213281.7142857143,198615.42857142858,14666.285714285714,7.007142857142857
Massachusetts,1984,217950.92857142858,207562.5,10388.42857142857,4.935714285714286
Massachusetts,1985,218660,210033.5,8626.5,4.057142857142857
Massachusetts,1986,218448.2142857143,210054.07142857142,8394.142857142857,3.9
Massachusetts,1987,220346,213274.14285714287,7071.857142857143,3.164285714285714
Massachusetts,1988,225322.2857142857,217950.35714285713,7371.928571428572,3.2928571428571427
Massachusetts,1989,227126.7857142857,218067.14285714287,9059.642857142857,3.95
Michigan,1976,48058.24096385542,43565.24096385542,4493,11.581927710843374
Michigan,1977,49553.951807228914,45498.20481927711,4055.746987951807,10.568674698795181
Michigan,1978,50529.0843373494,47050.12048192771,3478.9638554216867,9.275903614457832
Michigan,1979,51962.180722891564,47926.8313253012,4035.3493975903616,9.39879518072289
Michigan,1980,51714.67469879518,45280.903614457835,6433.77108433735,13.06144578313253
Michigan,1981,51872.180722891564,45500.12048192771,6372.060240963855,13.489156626506023
Michigan,1982,51549.843373493975,43582.24096385542,7967.6024096385545,16.574698795180723
Michigan,1983,51844.20481927711,44491.26506024096,7352.939759036145,16.049397590361444
Michigan,1984,52520.02409638554,46644.03614457831,5875.987951807229,13.724096385542168
Michigan,1985,52438.27710843374,47223.68674698795,5214.590361445783,13.203614457831325
Michigan,1986,52898.60240963855,48258.43373493976,4640.168674698795,11.639759036144579
Michigan,1987,54554.01204819277,50101.0843373494,4452.9277108433735,9.80843373493976
Michigan,1988,54732.65060240964,50576.361445783135,4156.289156626506,8.75421686746988
Michigan,1989,55327.96385542169,51403.85542168675,3924.10843373494,8.453012048192772
Minnesota,1976,21241.528735632182,19988.597701149425,1252.9310344827586,6.49080459770115
Minnesota,1977,21908.091954022988,20793.16091954023,1114.9310344827586,6.005747126436781
Minnesota,1978,22735.689655172413,21873.597701149425,862.0919540229885,4.563218390804598
Minnesota,1979,23425.367816091955,22448.32183908046,977.0459770114943,5.090804597701149
Minnesota,1980,24241.48275862069,22804.64367816092,1436.83908045977,7.508045977011494
Minnesota,1981,24747.22988505747,23379.367816091955,1367.8620689655172,6.879310344827586
Minnesota,1982,24885.183908045976,22942.6091954023,1942.5747126436781,8.983908045977012
Minnesota,1983,25000.091954022988,22954.080459770114,2046.0114942528735,9.535632183908046
Minnesota,1984,25620.77011494253,24000.045977011494,1620.7241379310344,8.158620689655173
Minnesota,1985,25678.172413793105,24149.41379310345,1528.7586206896551,7.885057471264368
Minnesota,1986,25632.333333333332,24264.42528735632,1367.9080459770114,7.255172413793104
Minnesota,1987,25988.57471264368,24586.2183908046,1402.3563218390805,7.105747126436782
Minnesota,1988,26747.183908045976,25666.701149425287,1080.4827586206898,5.320689655172414
Minnesota,1989,26931.137931034482,25758.712643678162,1172.4252873563219,5.570114942528735
Mississippi,1976,11902.548780487805,11122.024390243903,780.5243902439024,6.886585365853659
Mississippi,1977,12146.451219512195,11256.121951219513,890.329268292683,7.6536585365853655
Mississippi,1978,12268.341463414634,11402.487804878048,865.8536585365854,7.537804878048781
Mississippi,1979,12487.878048780487,11768.426829268292,719.4512195121952,6.2682926829268295
Mississippi,1980,12951.317073170732,11975.658536585366,975.6585365853658,8.075609756097561
Mississippi,1981,12914.756097560976,11841.524390243903,1073.2317073170732,8.958536585365854
Mississippi,1982,12987.890243902439,11561.012195121952,1426.878048780488,12.33780487804878
Mississippi,1983,13024.475609756097,11378.109756097561,1646.3658536585365,13.658536585365853
Mississippi,1984,13097.609756097561,11682.939024390244,1414.6707317073171,12.03170731707317
Mississippi,1985,13658.609756097561,12256.134146341463,1402.4756097560976,12.082926829268292
Mississippi,1986,14085.378048780487,12439.048780487805,1646.3292682926829,13.97439024390244
Mississippi,1987,14048.817073170732,12621.975609756097,1426.841463414634,12.046341463414635
Mississippi,1988,13926.90243902439,12756.134146341463,1170.7682926829268,10.057317073170731
Mississippi,1989,14231.768292682927,13121.975609756097,1109.7926829268292,9.428048780487805
Missouri,1976,18547.921739130434,17391.35652173913,1156.5652173913043,5.549565217391304
Missouri,1977,19356.634782608697,18217.452173913043,1139.182608695652,5.630434782608695
Missouri,1978,19608.75652173913,18617.38260869565,991.3739130434783,5.3191304347826085
Missouri,1979,19895.704347826086,18991.339130434782,904.3652173913043,4.679130434782609
Missouri,1980,20078.217391304348,18626.078260869566,1452.1391304347826,7.667826086956522
Missouri,1981,20147.97391304348,18600.069565217393,1547.904347826087,7.981739130434782
Missouri,1982,20069.660869565218,18217.434782608696,1852.2260869565218,10.10695652173913
Missouri,1983,20443.547826086957,18417.452173913043,2026.095652173913,10.80695652173913
Missouri,1984,20687.043478260868,19191.38260869565,1495.6608695652174,8.400869565217391
Missouri,1985,21495.704347826086,20113.078260869566,1382.6260869565217,7.6695652173913045
Missouri,1986,22104.408695652175,20756.521739130436,1347.8869565217392,7.3417391304347825
Missouri,1987,22521.8,21095.66956521739,1426.1304347826087,7.333913043478261
Missouri,1988,22556.55652173913,21269.573913043478,1286.982608695652,6.7095652173913045
Missouri,1989,22730.539130434783,21487.02608695652,1243.513043478261,6.440869565217391
Montana,1976,5964.428571428572,5607.25,357.17857142857144,5.171428571428572
Montana,1977,6196.535714285715,5803.589285714285,392.94642857142856,5.755357142857143
Montana,1978,6607.25,6214.357142857143,392.89285714285717,5.376785714285714
Montana,1979,6625.125,6285.767857142857,339.35714285714283,4.555357142857143
Montana,1980,6607.267857142857,6196.482142857143,410.7857142857143,5.326785714285714
Montana,1981,6857.25,6375.035714285715,482.2142857142857,5.855357142857143
Montana,1982,7018,6410.732142857143,607.2678571428571,8.125
Montana,1983,7035.732142857143,6410.714285714285,625.0178571428571,8.553571428571429
Montana,1984,7250.160714285715,6714.321428571428,535.8392857142857,7.082142857142857
Montana,1985,7232.25,6678.607142857143,553.6428571428571,7.426785714285714
Montana,1986,7267.910714285715,6678.589285714285,589.3214285714286,8.04642857142857
Montana,1987,7196.482142857143,6660.714285714285,535.7678571428571,7.082142857142857
Montana,1988,7178.696428571428,6696.517857142857,482.17857142857144,6.244642857142857
Montana,1989,7232.25,6803.607142857143,428.64285714285717,5.889285714285714
Nebraska,1976,7677.5268817204305,7419.408602150537,258.1182795698925,2.621505376344086
Nebraska,1977,8032.344086021505,7731.279569892473,301.06451612903226,2.9064516129032256
Nebraska,1978,8249.602150537634,7978.548387096775,271.0537634408602,2.8591397849462363
Nebraska,1979,8236.440860215054,7967.258064516129,269.18279569892474,2.421505376344086
Nebraska,1980,8204.376344086022,7871.010752688172,333.36559139784947,3.531182795698925
Nebraska,1981,8354.978494623656,8010.8279569892475,344.1505376344086,3.3268817204301073
Nebraska,1982,8483.989247311827,7967.817204301075,516.1720430107526,4.924731182795699
Nebraska,1983,8473.225806451614,7989.344086021505,483.8817204301075,5.364516129032258
Nebraska,1984,8580.698924731183,8204.31182795699,376.38709677419354,4.489247311827957
Nebraska,1985,8731.258064516129,8258.10752688172,473.1505376344086,5.436559139784946
Nebraska,1986,8741.989247311827,8301.09677419355,440.89247311827955,5.140860215053763
Nebraska,1987,8731.236559139785,8301.10752688172,430.1290322580645,4.927956989247312
Nebraska,1988,8795.860215053763,8483.956989247312,311.9032258064516,3.465591397849462
Nebraska,1989,8731.225806451614,8462.387096774193,268.83870967741933,2.9806451612903224
Nevada,1976,19235.29411764706,17529.529411764706,1705.764705882353,8.429411764705883
Nevada,1977,20647.058823529413,19176.352941176472,1470.7058823529412,6.482352941176471
Nevada,1978,21941.235294117647,20941.176470588234,1000.0588235294117,4.58235294117647
Nevada,1979,23529.58823529412,22353.058823529413,1176.5294117647059,4.7823529411764705
Nevada,1980,25294.176470588234,23705.882352941175,1588.2941176470588,5.5588235294117645
Nevada,1981,27235.235294117647,25294.058823529413,1941.1764705882354,6.435294117647059
Nevada,1982,28411.882352941175,25529.470588235294,2882.4117647058824,10.852941176470589
Nevada,1983,28647.352941176472,25823.647058823528,2823.705882352941,11.23529411764706
Nevada,1984,29175.470588235294,26881.764705882353,2293.705882352941,8.523529411764706
Nevada,1985,30000.117647058825,27588.235294117647,2411.8823529411766,8.147058823529411
Nevada,1986,31294.176470588234,29411.764705882353,1882.4117647058824,6.276470588235294
Nevada,1987,32764.764705882353,30705.941176470587,2058.823529411765,6.135294117647059
Nevada,1988,34353.17647058824,32588.41176470588,1764.764705882353,4.829411764705882
Nevada,1989,35411.76470588235,33647.05882352941,1764.7058823529412,5.041176470588235
New Hampshire,1976,39899.8,37299.8,2600,6.57
New Hampshire,1977,42100,39600,2500,6
New Hampshire,1978,43799.8,42200,1599.8,3.69
New Hampshire,1979,45800.2,44400,1400.2,3.2
New Hampshire,1980,47200,45000,2200,4.96
New Hampshire,1981,48100,45700,2400,5.3100000000000005
New Hampshire,1982,48600,45000,3600,8.120000000000001
New Hampshire,1983,50300,47600,2700,5.85
New Hampshire,1984,52000,49800,2200,4.45
New Hampshire,1985,53700.2,51600.1,2100.1,3.92
New Hampshire,1986,56100,54500,1600,2.76
New Hampshire,1987,58800.2,57300.1,1500.1,2.39
New Hampshire,1988,59800.1,58300,1500.1,2.35
New Hampshire,1989,60997.9,58899,2098.9,3.25
New Jersey,1976,157444.57142857142,141011.95238095237,16432.619047619046,10.314285714285715
New Jersey,1977,160499.57142857142,145444.80952380953,15054.761904761905,9.452380952380953
New Jersey,1978,164015.19047619047,152234.95238095237,11780.238095238095,7.219047619047619
New Jersey,1979,169365.42857142858,157643.61904761905,11721.809523809523,7.061904761904762
New Jersey,1980,170526.2857142857,158206.7619047619,12319.52380952381,7.390476190476191
New Jersey,1981,170490.19047619047,158019.61904761905,12470.57142857143,7.647619047619048
New Jersey,1982,172317.90476190476,156863.2857142857,15454.619047619048,9.295238095238096
New Jersey,1983,174042.95238095237,160383.09523809524,13659.857142857143,8.31904761904762
New Jersey,1984,182305.04761904763,171060.2380952381,11244.809523809523,6.347619047619047
New Jersey,1985,183450.7142857143,173057.90476190476,10392.809523809523,5.7
New Jersey,1986,186100.04761904763,176734.95238095237,9365.095238095239,5.180952380952381
New Jersey,1987,188869.52380952382,181236.47619047618,7633.047619047619,4.219047619047619
New Jersey,1988,189270.66666666666,182078.66666666666,7192,3.947619047619048
New Jersey,1989,189972.42857142858,182198.47619047618,7773.952380952381,4.257142857142857
New Mexico,1976,14875.125,13500.125,1375,9.375
New Mexico,1977,16187.53125,14937.53125,1250,8.18125
New Mexico,1978,16937.5,15968.71875,968.78125,5.971875
New Mexico,1979,17343.9375,16218.84375,1125.09375,7.05
New Mexico,1980,17531.28125,16218.78125,1312.5,7.925
New Mexico,1981,17515.272727272728,16242.454545454546,1272.8181818181818,7.745454545454545
New Mexico,1982,18060.878787878788,16394.151515151516,1666.7272727272727,10.533333333333333
New Mexico,1983,18424.363636363636,16545.575757575756,1878.7878787878788,11.157575757575758
New Mexico,1984,19060.60606060606,17636.39393939394,1424.2121212121212,8.881818181818183
New Mexico,1985,19575.81818181818,17848.515151515152,1727.3030303030303,11.266666666666667
New Mexico,1986,20545.484848484848,18666.696969696968,1878.7878787878788,12.024242424242424
New Mexico,1987,20666.727272727272,18848.484848484848,1818.2424242424242,11.460606060606061
New Mexico,1988,20878.939393939392,19242.454545454544,1636.4848484848485,10.639393939393939
New Mexico,1989,21121.303030303032,19727.363636363636,1393.939393939394,8.766666666666667
New York,1976,123805.17741935483,111103.54838709677,12701.629032258064,10.301612903225806
New York,1977,124493.91935483871,113141.06451612903,11352.854838709678,9.361290322580645
New York,1978,126269.66129032258,116555.12903225806,9714.532258064517,7.637096774193548
New York,1979,129028.41935483871,119829.82258064517,9198.59677419355,7.056451612903226
New York,1980,128520.32258064517,118903.6129032258,9616.709677419354,7.891935483870967
New York,1981,129066.3870967742,119211.54838709677,9854.838709677419,8.004838709677419
New York,1982,128875.98387096774,117846.43548387097,11029.548387096775,9.35
New York,1983,130024.90322580645,118906.98387096774,11117.91935483871,9.370967741935484
New York,1984,130456.03225806452,121043.90322580645,9412.129032258064,7.651612903225806
New York,1985,133985.75806451612,125217.48387096774,8768.274193548386,7.091935483870968
New York,1986,135445.25806451612,126965,8480.258064516129,7.112903225806452
New York,1987,136907.88709677418,130261.74193548386,6646.145161290323,5.5112903225806456
New York,1988,137500.7258064516,131729.48387096773,5771.241935483871,4.887096774193548
New York,1989,140001.7258064516,132868.16129032258,7133.564516129032,5.841935483870968
North Carolina,1976,26160.15,24530.09,1630.06,6.682
North Carolina,1977,26900.04,25310.01,1590.03,6.5969999999999995
North Carolina,1978,27630.03,26429.99,1200.04,4.837
North Carolina,1979,27940.1,26600.07,1340.03,5.327
North Carolina,1980,28600.07,26720.04,1880.03,7.366
North Carolina,1981,29210.1,27330.06,1880.04,7.39
North Carolina,1982,29450.02,26789.97,2660.05,10.293
North Carolina,1983,29460.07,26840.03,2620.04,10.191
North Carolina,1984,30330.09,28280.02,2050.07,8.05
North Carolina,1985,31062.1,29390.78,1671.32,6.474
North Carolina,1986,31769.42,30079.77,1689.65,6.399
North Carolina,1987,32761.75,31300.4,1461.35,5.438
North Carolina,1988,33180.72,31981.79,1198.93,4.38
North Carolina,1989,33910.32,32721.69,1188.63,4.165
North Dakota,1976,5283.075471698113,5094.358490566037,188.71698113207546,3.8811320754716983
North Dakota,1977,5415.188679245283,5151,264.188679245283,5.158490566037736
North Dakota,1978,5528.433962264151,5264.188679245283,264.24528301886795,5.118867924528302
North Dakota,1979,5679.33962264151,5471.698113207547,207.64150943396226,3.8207547169811322
North Dakota,1980,5717.037735849057,5434,283.0377358490566,4.809433962264151
North Dakota,1981,5886.88679245283,5584.962264150943,301.92452830188677,4.994339622641509
North Dakota,1982,5943.452830188679,5603.811320754717,339.64150943396226,5.579245283018868
North Dakota,1983,5981.226415094339,5641.566037735849,339.66037735849056,5.781132075471698
North Dakota,1984,6188.66037735849,5867.943396226415,320.7169811320755,5.339622641509434
North Dakota,1985,6339.698113207547,5962.264150943396,377.4339622641509,6.316981132075472
North Dakota,1986,6301.924528301887,5905.679245283019,396.24528301886795,6.926415094339623
North Dakota,1987,6245.33962264151,5924.566037735849,320.77358490566036,5.758490566037736
North Dakota,1988,6264.264150943396,5962.396226415094,301.8679245283019,5.679245283018868
North Dakota,1989,6245.396226415094,5981.188679245283,264.20754716981133,5.132075471698113
Ohio,1976,53946.125,49735.875,4210.25,8.148863636363636
Ohio,1977,54895.795454545456,51352.079545454544,3543.715909090909,6.715909090909091
Ohio,1978,56317.27272727273,53270.26136363636,3047.0113636363635,5.747727272727273
Ohio,1979,57456.818181818184,54064.84090909091,3391.9772727272725,6.301136363636363
Ohio,1980,57812.78409090909,52965.806818181816,4846.977272727273,9.309090909090909
Ohio,1981,57929.75,52343.693181818184,5586.056818181818,10.579545454545455
Ohio,1982,58113.25,50845.76136363636,7267.488636363636,13.979545454545455
Ohio,1983,58059.40909090909,50990.579545454544,7068.829545454545,13.657954545454546
Ohio,1984,57937.306818181816,52474.78409090909,5462.522727272727,10.556818181818182
Ohio,1985,58289.09090909091,53121.73863636364,5167.352272727273,10.445454545454545
Ohio,1986,59448.13636363636,54613.943181818184,4834.193181818182,9.694318181818183
Ohio,1987,59701.53409090909,55533.045454545456,4168.488636363636,8.26590909090909
Ohio,1988,60440.454545454544,56809.21590909091,3631.2386363636365,7.1454545454545455
Ohio,1989,61570.38636363636,58156.625,3413.7613636363635,6.5375
Oklahoma,1976,15337.792207792209,14480.623376623376,857.1688311688312,5.58961038961039
Oklahoma,1977,16194.948051948051,15389.636363636364,805.3116883116883,5.076623376623377
Oklahoma,1978,16532.506493506495,15896.12987012987,636.3766233766233,4.093506493506493
Oklahoma,1979,17039.090909090908,16454.61038961039,584.4805194805194,3.616883116883117
Oklahoma,1980,17792.35064935065,16935.18181818182,857.1688311688312,5.261038961038961
Oklahoma,1981,18805.2987012987,18129.909090909092,675.3896103896104,4.025974025974026
Oklahoma,1982,19298.64935064935,18194.77922077922,1103.8701298701299,6.372727272727273
Oklahoma,1983,20065,18246.844155844155,1818.155844155844,10.236363636363636
Oklahoma,1984,20103.896103896102,18688.285714285714,1415.6103896103896,7.932467532467532
Oklahoma,1985,20428.675324675325,18974.090909090908,1454.5844155844156,7.816883116883117
Oklahoma,1986,20844.14285714286,19129.883116883117,1714.2597402597403,9.1012987012987
Oklahoma,1987,20311.79220779221,18818.20779220779,1493.5844155844156,7.774025974025974
Oklahoma,1988,19792.2987012987,18467.545454545456,1324.7532467532467,7.0168831168831165
Oklahoma,1989,19779.2987012987,18675.33766233766,1103.9610389610389,6.055844155844156
Oregon,1976,30250.11111111111,27361.166666666668,2888.9444444444443,9.708333333333334
Oregon,1977,32111.222222222223,29750,2361.222222222222,7.663888888888889
Oregon,1978,34000.055555555555,31944.527777777777,2055.527777777778,6.677777777777778
Oregon,1979,34528,32166.722222222223,2361.277777777778,7.847222222222222
Oregon,1980,36055.5,33055.444444444445,3000.0555555555557,9.869444444444444
Oregon,1981,37194.5,33527.833333333336,3666.6666666666665,11.025
Oregon,1982,36777.805555555555,32527.777777777777,4250.027777777777,12.658333333333333
Oregon,1983,37139,33111.11111111111,4027.8888888888887,11.266666666666667
Oregon,1984,37082.444444444445,33610.694444444445,3471.75,10.847222222222221
Oregon,1985,36861.22222222222,33611.166666666664,3250.0555555555557,10.313888888888888
Oregon,1986,37777.86111111111,34583.444444444445,3194.4166666666665,9.919444444444444
Oregon,1987,38527.805555555555,36138.88888888889,2388.9166666666665,7.583333333333333
Oregon,1988,39611.166666666664,37305.555555555555,2305.6111111111113,7.211111111111111
Oregon,1989,40972.36111111111,38638.944444444445,2333.4166666666665,7.144444444444445
Pennsylvania,1976,76518.74626865672,70452.77611940299,6065.9701492537315,8.311940298507462
Pennsylvania,1977,77683.44776119402,71700.32835820895,5983.119402985075,7.891044776119403
Pennsylvania,1978,79143.95522388059,73663.32835820895,5480.626865671642,7.352238805970149
Pennsylvania,1979,79968.01492537314,74441.80597014926,5526.20895522388,7.659701492537313
Pennsylvania,1980,81095.4776119403,74747.44776119402,6348.0298507462685,9.171641791044776
Pennsylvania,1981,81826.58208955223,74984.76119402985,6841.820895522388,9.507462686567164
Pennsylvania,1982,81903.05970149254,72958.31343283581,8944.746268656716,12.67910447761194
Pennsylvania,1983,82235.16417910448,72525.16417910448,9710,13.75820895522388
Pennsylvania,1984,81896.82089552238,74449.9104477612,7446.910447761194,10.353731343283583
Pennsylvania,1985,82374.0895522388,75776.86567164179,6597.223880597015,9.370149253731343
Pennsylvania,1986,84120.25373134328,78360.11940298507,5760.134328358209,7.961194029850747
Pennsylvania,1987,84392.05970149254,79617.04477611941,4775.014925373134,6.658208955223881
Pennsylvania,1988,86011.44776119402,81636.74626865672,4374.701492537313,5.995522388059701
Pennsylvania,1989,87413.76119402985,83466.98507462686,3946.776119402985,5.492537313432836
Rhode Island,1976,88400,81200,7200,7.8
Rhode Island,1977,89999.8,82199.8,7800,8.32
Rhode Island,1978,89000.2,83000,6000.2,6.68
Rhode Island,1979,92800.2,86600,6200.2,6.46
Rhode Island,1980,94323.4,87520.2,6803.2,6.7
Rhode Island,1981,95400.2,88200,7200.2,7.28
Rhode Island,1982,96000.2,86200,9800.2,9.219999999999999
Rhode Island,1983,95600.2,87600,8000.2,7.74
Rhode Island,1984,97999.8,92799.8,5200,4.92
Rhode Island,1985,100200,95200,5000,4.72
Rhode Island,1986,101800,97600,4200,3.86
Rhode Island,1987,104000.2,100000,4000.2,3.58
Rhode Island,1988,105000,101800,3200,2.84
Rhode Island,1989,105000.6,100800.2,4200.4,3.8
South Carolina,1976,28261,26282.695652173912,1978.304347826087,7.5804347826086955
South Carolina,1977,29043.58695652174,26956.58695652174,2087,7.671739130434783
South Carolina,1978,29608.739130434784,27913.08695652174,1695.6521739130435,6.067391304347826
South Carolina,1979,30086.891304347828,28586.91304347826,1499.9782608695652,5.52391304347826
South Carolina,1980,30217.456521739132,28130.391304347828,2087.0652173913045,7.906521739130435
South Carolina,1981,31043.478260869564,28434.804347826088,2608.6739130434785,9.443478260869565
South Carolina,1982,32543.543478260868,29021.782608695652,3521.7608695652175,12.310869565217391
South Carolina,1983,32087.065217391304,28869.58695652174,3217.478260869565,11.42608695652174
South Carolina,1984,32152.260869565216,29869.565217391304,2282.695652173913,8.467391304347826
South Carolina,1985,33978.32608695652,31652.130434782608,2326.195652173913,8.447826086956521
South Carolina,1986,34630.434782608696,32478.260869565216,2152.1739130434785,7.730434782608696
South Carolina,1987,35521.82608695652,33543.5,1978.3260869565217,6.732608695652174
South Carolina,1988,36130.5,34478.36956521739,1652.1304347826087,5.519565217391304
South Carolina,1989,36847.84782608696,35108.739130434784,1739.108695652174,5.702173913043478
South Dakota,1976,4727.393939393939,4560.681818181818,166.71212121212122,3.7696969696969695
South Dakota,1977,4803.106060606061,4651.545454545455,151.56060606060606,3.546969696969697
South Dakota,1978,4954.666666666667,4803.075757575758,151.5909090909091,3.712121212121212
South Dakota,1979,5091.015151515152,4909.136363636364,181.87878787878788,3.756060606060606
South Dakota,1980,5060.69696969697,4818.242424242424,242.45454545454547,5.025757575757575
South Dakota,1981,5090.984848484848,4833.348484848485,257.6363636363636,5.493939393939394
South Dakota,1982,5000.090909090909,4727.287878787879,272.8030303030303,6.078787878787879
South Dakota,1983,5030.318181818182,4757.545454545455,272.77272727272725,5.86969696969697
South Dakota,1984,5242.545454545455,5015.227272727273,227.3181818181818,4.774242424242424
South Dakota,1985,5257.621212121212,4984.833333333333,272.7878787878788,5.333333333333333
South Dakota,1986,5303.181818181818,5045.545454545455,257.6363636363636,5.078787878787879
South Dakota,1987,5378.939393939394,5151.545454545455,227.3939393939394,4.303030303030303
South Dakota,1988,5409.166666666667,5197.015151515152,212.15151515151516,3.846969696969697
South Dakota,1989,5469.80303030303,5242.5,227.3030303030303,4.121212121212121
Tennessee,1976,19673.673684210527,18494.705263157895,1178.9684210526316,6.943157894736842
Tennessee,1977,20473.736842105263,19178.936842105264,1294.8,7.626315789473685
Tennessee,1978,20726.484210526316,19536.915789473685,1189.5684210526315,6.9936842105263155
Tennessee,1979,21505.36842105263,20252.694736842106,1252.6736842105263,7.4389473684210525
Tennessee,1980,21936.947368421053,20336.905263157896,1600.042105263158,9.322105263157894
Tennessee,1981,22326.42105263158,20294.8,2031.621052631579,11.341052631578947
Tennessee,1982,22463.178947368422,19800.063157894736,2663.1157894736843,15.894736842105264
Tennessee,1983,23031.536842105263,20389.452631578948,2642.084210526316,14.888421052631578
Tennessee,1984,23400.02105263158,21399.97894736842,2000.042105263158,11.321052631578947
Tennessee,1985,23642.073684210525,21747.378947368423,1894.6947368421052,10.795789473684211
Tennessee,1986,24105.23157894737,22168.4,1936.8315789473684,10.9
Tennessee,1987,24589.484210526316,22968.389473684212,1621.0947368421052,8.661052631578947
Tennessee,1988,24610.63157894737,23189.56842105263,1421.0631578947368,7.349473684210526
Tennessee,1989,24926.4,23652.684210526317,1273.7157894736843,6.377894736842105
Texas,1976,22475.77559055118,21185.405511811023,1290.3700787401574,5.192913385826771
Texas,1977,23411.909448818897,22160.01968503937,1251.8897637795276,4.832283464566929
Texas,1978,24490.25590551181,23312.858267716536,1177.3976377952756,4.522047244094488
Texas,1979,25540.846456692914,24464.472440944883,1076.3740157480315,4.0236220472440944
Texas,1980,26531.19291338583,25145.91338582677,1385.2795275590552,5.0913385826771655
Texas,1981,27864.36220472441,26394.83070866142,1469.5314960629921,4.913385826771654
Texas,1982,29027.476377952757,27032.854330708662,1994.6220472440946,6.388582677165354
Texas,1983,30034.685039370077,27636.267716535433,2398.417322834646,7.33503937007874
Texas,1984,30913.437007874014,29079.5,1833.9370078740158,5.668897637795276
Texas,1985,31702.248031496063,29483.649606299212,2218.5984251968503,6.442913385826771
Texas,1986,31992.787401574802,29146.248031496063,2846.5393700787404,9.277559055118111
Texas,1987,32502.712598425198,29758.850393700788,2743.8622047244094,8.162598425196851
Texas,1988,32890.2874015748,30490.84251968504,2399.4448818897636,6.840944881889763
Texas,1989,33173.19291338583,30940.338582677166,2232.8543307086616,6.501181102362205
Utah,1976,18275.931034482757,17241.379310344826,1034.551724137931,6.089655172413793
Utah,1977,18931.068965517243,17931.068965517243,1000,6.020689655172414
Utah,1978,19448.379310344826,18689.724137931036,758.6551724137931,4.413793103448276
Utah,1979,20931.241379310344,20034.620689655174,896.6206896551724,4.903448275862069
Utah,1980,21931.241379310344,20551.862068965518,1379.3793103448277,6.551724137931035
Utah,1981,22379.41379310345,20896.55172413793,1482.8620689655172,6.7379310344827585
Utah,1982,23310.379310344826,21482.793103448275,1827.5862068965516,8.489655172413793
Utah,1983,23827.689655172413,21620.758620689656,2206.9310344827586,11.079310344827586
Utah,1984,24862.172413793105,23241.379310344826,1620.7931034482758,8.675862068965516
Utah,1985,25172.44827586207,23689.620689655174,1482.8275862068965,8.141379310344828
Utah,1986,26000.03448275862,24448.310344827587,1551.7241379310344,8.724137931034482
Utah,1987,26103.44827586207,24448.172413793105,1655.2758620689656,8.858620689655172
Utah,1988,26172.48275862069,24896.55172413793,1275.9310344827586,6.803448275862069
Utah,1989,27206.896551724138,25931,1275.896551724138,6.2620689655172415
Vermont,1976,15643.07142857143,14285.785714285714,1357.2857142857142,9.521428571428572
Vermont,1977,16500.214285714286,15357.214285714286,1143,7.692857142857143
Vermont,1978,17357.285714285714,16357.142857142857,1000.1428571428571,6.542857142857143
Vermont,1979,17642.85714285714,16785.714285714286,857.1428571428571,5.692857142857143
Vermont,1980,18071.571428571428,16928.571428571428,1143,7.128571428571428
Vermont,1981,18642.785714285714,17571.285714285714,1071.5,6.571428571428571
Vermont,1982,19071.428571428572,17785.714285714286,1285.7142857142858,7.807142857142857
Vermont,1983,19071.428571428572,17785.714285714286,1285.7142857142858,7.678571428571429
Vermont,1984,19214.285714285714,18214.285714285714,1000,6.114285714285714
Vermont,1985,19786,18857.214285714286,928.7857142857143,5.435714285714286
Vermont,1986,20857.14285714286,19857.14285714286,1000,5.564285714285714
Vermont,1987,21143.14285714286,20357.285714285714,785.8571428571429,4.335714285714285
Vermont,1988,21357.14285714286,20785.85714285714,571.2857142857143,3.092857142857143
Vermont,1989,21928.35714285714,21142.785714285714,785.5714285714286,4.1
Virginia,1976,17228.08823529412,16213.286764705883,1014.8014705882352,6.6375
Virginia,1977,17698.66911764706,16757.441176470587,941.2279411764706,6.129411764705883
Virginia,1978,18272.08823529412,17294.16911764706,977.9191176470588,6.255147058823529
Virginia,1979,18573.625,17698.595588235294,875.0294117647059,5.531617647058823
Virginia,1980,18830.977941176472,17889.727941176472,941.25,6.202941176470588
Virginia,1981,19161.823529411766,17992.676470588234,1169.1470588235295,7.629411764705883
Virginia,1982,19485.375,17985.33088235294,1500.0441176470588,9.743382352941177
Virginia,1983,20014.683823529413,18801.470588235294,1213.2132352941176,7.820588235294117
Virginia,1984,20889.79411764706,19838.242647058825,1051.5514705882354,6.649264705882353
Virginia,1985,21117.75,19933.889705882353,1183.860294117647,7.485294117647059
Virginia,1986,21294.110294117647,20227.91176470588,1066.1985294117646,6.8448529411764705
Virginia,1987,22029.367647058825,21095.551470588234,933.8161764705883,5.777205882352941
Virginia,1988,22801.625,21911.83088235294,889.7941176470588,5.238235294117647
Virginia,1989,23132.477941176472,22227.985294117647,904.4926470588235,5.124264705882353
Washington,1976,41589.743589743586,38000,3589.74358974359,8.612820512820512
Washington,1977,43384.5641025641,39589.717948717946,3794.846153846154,9.405128205128205
Washington,1978,46384.769230769234,43205.179487179485,3179.5897435897436,7.843589743589743
Washington,1979,49666.58974358974,46307.769230769234,3358.8205128205127,8.233333333333333
Washington,1980,50923.05128205128,46897.53846153846,4025.5128205128203,9.820512820512821
Washington,1981,51205.282051282054,46333.4358974359,4871.846153846154,11.853846153846154
Washington,1982,51897.51282051282,45615.4358974359,6282.076923076923,14.525641025641026
Washington,1983,52871.820512820515,46974.46153846154,5897.358974358975,12.784615384615385
Washington,1984,52641.05128205128,47666.743589743586,4974.307692307692,11.702564102564102
Washington,1985,53948.692307692305,49564.05128205128,4384.641025641025,10.528205128205128
Washington,1986,56359.179487179485,51743.743589743586,4615.4358974358975,10.789743589743589
Washington,1987,57846.179487179485,53461.53846153846,4384.641025641025,9.987179487179487
Washington,1988,59384.61538461538,55717.94871794872,3666.6666666666665,8.146153846153846
Washington,1989,62846.205128205125,58974.38461538462,3871.8205128205127,8.307692307692308
West Virginia,1976,12709.10909090909,11763.636363636364,945.4727272727273,9.18
West Virginia,1977,12891,11981.818181818182,909.1818181818181,8.476363636363637
West Virginia,1978,13509.254545454545,12654.654545454545,854.6,7.0181818181818185
West Virginia,1979,14109.072727272727,13145.454545454546,963.6181818181818,7.534545454545454
West Virginia,1980,14345.654545454545,13000.127272727274,1345.5272727272727,10.16
West Virginia,1981,14345.672727272728,12818.254545454545,1527.418181818182,11.772727272727273
West Virginia,1982,14090.927272727273,12127.272727272728,1963.6545454545455,15.392727272727273
West Virginia,1983,14036.472727272727,11509.145454545454,2527.327272727273,19.60181818181818
West Virginia,1984,13981.90909090909,11872.763636363636,2109.1454545454544,16.73818181818182
West Virginia,1985,13909.181818181818,12090.927272727273,1818.2545454545455,14.761818181818182
West Virginia,1986,13509.272727272728,11909.163636363637,1600.1090909090908,13.772727272727273
West Virginia,1987,13636.472727272727,12163.727272727272,1472.7454545454545,12.558181818181819
West Virginia,1988,13436.436363636363,12090.927272727273,1345.509090909091,11.503636363636364
West Virginia,1989,13945.545454545454,12745.472727272727,1200.0727272727272,10.325454545454546
Wisconsin,1976,29833.444444444445,28166.722222222223,1666.7222222222222,6.566666666666666
Wisconsin,1977,30277.819444444445,28791.722222222223,1486.0972222222222,6.072222222222222
Wisconsin,1978,31430.63888888889,29819.51388888889,1611.125,6.563888888888889
Wisconsin,1979,32375.097222222223,30902.805555555555,1472.2916666666667,5.773611111111111
Wisconsin,1980,32486.25,30166.75,2319.5,8.397222222222222
Wisconsin,1981,32916.77777777778,30347.180555555555,2569.597222222222,8.670833333333333
Wisconsin,1982,33889.041666666664,30277.833333333332,3611.2083333333335,11.709722222222222
Wisconsin,1983,33819.47222222222,30291.63888888889,3527.8333333333335,11.645833333333334
Wisconsin,1984,33250.041666666664,30805.583333333332,2444.4583333333335,8.7875
Wisconsin,1985,32972.27777777778,30597.23611111111,2375.0416666666665,8.734722222222222
Wisconsin,1986,33375.13888888889,31027.875,2347.2638888888887,8.573611111111111
Wisconsin,1987,34639.01388888889,32527.791666666668,2111.222222222222,7.486111111111111
Wisconsin,1988,35708.48611111111,34180.63888888889,1527.8472222222222,5.402777777777778
Wisconsin,1989,36263.958333333336,34680.569444444445,1583.388888888889,5.394444444444445
Wyoming,1976,7782.739130434783,7478.260869565217,304.4782608695652,3.9521739130434783
Wyoming,1977,8434.91304347826,8130.521739130435,304.39130434782606,3.6608695652173915
Wyoming,1978,9130.478260869566,8826.08695652174,304.39130434782606,3.4478260869565216
Wyoming,1979,9695.739130434782,9434.869565217392,260.8695652173913,2.734782608695652
Wyoming,1980,10173.95652173913,9782.565217391304,391.39130434782606,3.869565217391304
Wyoming,1981,10913,10478.260869565218,434.7391304347826,3.973913043478261
Wyoming,1982,11130.434782608696,10478.217391304348,652.2173913043479,5.9
Wyoming,1983,11391.260869565218,10434.739130434782,956.5217391304348,8.07391304347826
Wyoming,1984,11043.478260869566,10347.869565217392,695.6086956521739,6.208695652173913
Wyoming,1985,11000.04347826087,10217.347826086956,782.695652173913,7.191304347826087
Wyoming,1986,10956.521739130434,9956.521739130434,1000,9.139130434782608
Wyoming,1987,10434.782608695652,9521.739130434782,913.0434782608696,8.947826086956521
Wyoming,1988,10347.869565217392,9695.695652173914,652.1739130434783,6.417391304347826
Wyoming,1989,10391.304347826086,9739.08695652174,652.2173913043479,6.2
